id,affiliate_id,country_code,is_kyc_approved,created_at,updated_at
1,1,DE,True,2024-01-10 17:07:01.000000,2024-02-08 09:05:26.000000
3,2,BR,True,2024-02-13 05:40:50.000000,2024-02-17 10:58:17.000000
2,,BR,True,2024-02-09 19:19:27.000000,2024-03-05 08:06:20.000000
4,3,GB,True,2024-02-24 04:35:15.000000,2024-03-05 19:19:09.000000
5,4,AU,False,2024-03-27 16:28:29.000000,2024-04-01 05:38:15.000000
6,,FR,True,2024-04-05 02:33:27.000000,2024-04-06 13:16:25.000000
7,5,CA,True,2024-04-16 19:27:32.000000,2024-04-18 08:29:18.000000
8,6,BR,True,2024-09-05 07:53:23.000000,2024-10-01 19:17:16.000000
9,7,AU,False,2024-10-13 00:24:33.000000,2024-10-24 07:28:43.000000
10,8,CA,True,2024-10-14 23:45:05.000000,2024-11-06 12:31:09.000000
11,7,CA,True,2023-03-29 07:37:52.367706,2023-09-05 09:32:04.257885
12,4,GB,True,2025-02-01 14:24:13.953858,2025-03-10 11:58:00.207939
13,8,GB,False,2024-07-21 15:21:02.070276,2024-09-16 19:16:07.994309
14,5,GB,True,2023-05-17 16:48:07.727552,2024-03-18 11:58:00.764353
15,7,US,True,2024-12-19 09:30:31.651421,2025-05-11 12:13:23.724984
16,10,MX,True,2024-04-23 23:24:34.565945,2025-06-25 18:32:43.848642
17,3,IT,True,2023-07-29 06:24:02.021288,2023-09-02 02:30:56.800215
18,7,JP,False,2024-05-10 08:08:14.182845,2025-07-08 07:50:47.568647
19,,FR,True,2023-04-22 07:31:57.274120,2023-04-28 16:06:24.237560
20,8,JP,True,2025-09-02 06:34:22.451180,2025-09-10 01:05:45.825346
21,5,GB,True,2023-07-29 16:47:30.329141,2024-11-07 17:16:47.250774
22,4,CA,True,2025-08-14 13:50:59.517842,2025-08-15 04:00:35.294927
23,,NL,True,2025-08-17 01:31:17.315257,2025-09-05 18:33:22.119113
24,8,GB,False,2023-12-18 08:24:17.212799,2025-03-05 04:06:23.443729
25,8,IT,False,2023-01-15 15:01:00.491081,2023-03-04 00:19:58.213472
26,,BR,True,2024-09-07 19:29:05.535406,2025-03-21 02:25:37.208658
27,3,BR,True,2023-05-21 20:04:41.081189,2024-09-16 01:03:52.162102
28,6,AR,False,2024-05-07 04:34:37.579229,2025-02-14 22:12:24.682529
29,5,CA,True,2022-09-16 02:26:14.285702,2023-03-22 00:42:25.528253
30,2,DE,False,2024-09-24 22:23:47.739451,2025-04-09 14:31:24.811709
31,8,CA,True,2023-05-11 19:12:37.028030,2025-08-25 21:51:28.020864
32,6,GB,True,2023-11-29 20:35:00.964021,2024-12-02 20:33:47.466526
33,2,MX,True,2025-03-20 13:02:33.964482,2025-05-02 06:28:07.748816
34,5,CA,True,2025-02-15 03:02:22.208320,2025-07-26 01:39:16.122931
35,,NL,True,2025-01-13 04:55:21.222778,2025-05-16 11:48:25.963293
36,1,JP,True,2024-12-22 13:59:33.457407,2025-03-07 01:34:41.623305
37,10,US,True,2024-10-31 21:43:39.090549,2025-04-25 14:23:00.072330
38,,GB,True,2023-09-07 02:34:22.425044,2024-08-06 11:58:26.849571
39,6,UY,False,2024-01-15 14:26:36.805365,2024-08-21 22:44:34.901612
40,9,ES,True,2024-04-22 21:34:44.203629,2025-09-11 21:34:37.875197
41,1,ES,False,2022-10-18 07:54:24.713944,2023-11-13 21:43:10.855455
42,10,MX,True,2024-12-31 17:20:05.831512,2025-04-25 05:44:19.021587
43,3,IT,True,2023-04-08 08:44:51.566492,2023-05-05 11:09:15.437306
44,7,FR,True,2025-02-03 21:00:58.591195,2025-08-07 06:00:57.833985
45,4,NL,False,2024-04-02 11:21:39.147018,2025-06-26 20:51:19.709391
46,9,AR,True,2024-07-03 04:27:25.345723,2025-07-19 15:56:30.934080
47,3,JP,True,2025-07-05 12:20:09.039698,2025-08-28 00:07:57.117377
48,5,IN,True,2023-10-20 05:56:28.730002,2023-12-28 08:19:45.130645
49,3,NL,False,2023-02-09 23:58:50.696606,2025-03-29 04:46:10.132091
50,7,US,True,2023-07-31 08:25:23.481655,2025-08-18 17:34:28.201013
51,5,UY,True,2025-07-15 09:36:27.575941,2025-07-20 16:07:24.908873
52,9,AU,True,2025-07-06 18:39:13.580182,2025-08-25 02:48:55.401004
53,7,DE,True,2024-04-04 19:51:32.144537,2024-04-23 16:32:00.419661
54,2,UY,False,2022-10-15 09:24:40.095340,2023-07-21 12:10:09.269559
55,4,JP,False,2024-09-07 01:38:15.458308,2025-05-10 02:15:16.864504
56,9,AR,False,2023-11-10 01:31:46.775094,2024-06-01 08:26:29.942418
57,2,NL,False,2024-10-04 17:49:17.304415,2024-11-14 16:41:11.223608
58,10,JP,True,2025-02-27 18:32:20.557479,2025-06-20 02:24:29.132896
59,9,UY,False,2023-10-24 00:48:10.330116,2024-02-16 11:14:15.403984
60,10,FR,True,2023-03-11 08:08:16.327086,2024-07-21 13:17:33.285962
61,5,FR,True,2025-05-13 21:55:35.122522,2025-06-30 05:54:33.259506
62,,CA,False,2023-08-11 11:37:43.977387,2024-05-04 20:42:44.357516
63,2,IT,True,2023-01-26 17:43:32.202714,2024-07-03 01:47:42.994767
64,,ES,True,2025-01-15 16:23:00.189557,2025-08-06 15:18:09.189231
65,,NL,False,2023-07-06 04:29:50.861794,2024-06-06 16:21:01.377727
66,4,ES,True,2024-05-31 03:37:23.482033,2025-08-31 16:40:48.723942
67,,NL,True,2024-06-15 05:11:13.482569,2024-11-02 09:56:12.504104
68,,BR,True,2024-06-08 08:47:41.059539,2025-08-12 05:25:06.174661
69,,MX,True,2024-02-22 20:34:25.862661,2024-09-27 04:50:59.534413
70,7,AU,True,2024-07-09 06:27:50.305832,2025-06-17 18:54:38.502933
71,8,NL,True,2024-02-13 08:25:39.861976,2024-08-19 19:02:24.906540
72,3,GB,True,2023-10-27 14:28:02.926635,2025-04-12 18:55:00.711675
73,1,BR,True,2022-12-10 21:57:37.330010,2024-03-11 21:06:17.541896
74,4,MX,True,2024-11-21 14:15:03.916028,2025-03-30 21:45:08.884607
75,2,UY,True,2024-01-28 22:23:26.011742,2025-07-16 01:46:51.756175
76,8,NL,True,2023-08-11 11:42:06.437024,2025-08-08 08:25:16.115230
77,4,BR,True,2025-05-25 02:38:16.013608,2025-09-01 22:28:24.127622
78,2,UY,True,2023-08-16 03:37:48.155368,2024-10-12 16:25:38.343748
79,6,JP,True,2023-05-19 06:55:24.638696,2023-12-17 04:21:39.719879
80,6,GB,True,2024-04-29 14:20:39.192514,2025-02-06 05:18:40.462771
81,10,IN,True,2024-02-09 18:28:08.391995,2024-05-09 04:07:42.212656
82,4,US,False,2024-09-28 18:20:35.211657,2025-03-02 15:24:32.322100
83,6,GB,False,2022-11-27 14:15:53.767736,2024-10-14 11:49:50.307906
84,2,JP,True,2024-08-19 09:32:00.599381,2025-03-28 00:36:44.377333
85,,BR,True,2022-11-27 23:23:01.275542,2023-04-07 22:38:54.817208
86,10,DE,True,2024-08-16 15:49:46.824831,2025-06-08 08:42:17.591597
87,2,UY,True,2024-09-23 14:17:06.725615,2025-08-13 07:36:59.594330
88,10,AR,False,2023-05-13 01:07:29.866319,2023-12-20 22:36:07.164447
89,4,NL,True,2023-04-20 17:58:01.907227,2024-07-25 03:56:27.329584
90,,UY,False,2022-11-24 23:04:20.003581,2025-06-16 21:45:22.248914
91,8,IN,True,2023-05-20 12:03:38.268212,2024-09-09 09:50:51.113326
92,7,IN,True,2023-07-02 14:18:01.764480,2025-04-19 00:20:32.926886
93,,US,True,2024-05-23 00:18:40.465583,2025-06-07 01:00:38.571207
94,,JP,True,2023-10-12 02:29:42.340772,2025-08-01 22:23:40.009690
95,9,MX,True,2023-12-26 17:09:55.334065,2025-01-30 23:14:15.070198
96,,NL,False,2025-04-30 18:27:05.381789,2025-07-04 11:04:21.880924
97,8,BR,True,2023-04-30 01:51:13.966989,2023-06-13 08:09:52.574898
98,5,IT,False,2024-01-27 00:21:48.392910,2024-11-09 06:16:40.502212
99,2,FR,True,2025-06-08 13:38:33.816760,2025-07-27 15:54:48.387443
100,5,NL,True,2024-10-03 00:50:43.304106,2025-04-25 06:46:21.365482
101,,US,True,2024-12-29 02:40:03.733837,2025-04-04 08:33:14.505827
102,,DE,True,2023-05-07 18:48:14.745619,2024-04-03 01:19:11.480969
103,8,AR,True,2024-07-22 00:21:19.048155,2024-08-18 12:29:29.260206
104,10,UY,True,2023-05-09 19:34:04.421454,2023-10-11 04:02:21.316792
105,9,US,True,2023-10-27 08:05:55.739646,2025-09-09 19:01:47.840625
106,9,IT,True,2025-06-04 17:31:51.618108,2025-07-27 12:30:06.143881
107,1,CA,True,2023-12-22 19:39:42.043483,2024-03-14 16:19:01.150928
108,9,BR,True,2024-12-02 14:16:28.764791,2025-09-10 05:35:12.816920
109,7,AU,True,2024-07-02 22:25:13.859461,2024-08-27 07:43:11.400160
110,9,JP,True,2024-06-17 22:56:39.845644,2024-11-21 05:22:50.085055
111,,IT,True,2025-06-05 19:00:05.918842,2025-09-13 15:59:14.049966
112,,GB,False,2025-08-12 18:02:00.248018,2025-09-06 21:03:39.394678
113,8,DE,True,2023-02-21 01:50:01.754720,2025-07-23 04:04:39.216349
114,,UY,False,2023-09-27 02:40:16.360828,2025-05-25 17:57:00.955287
115,1,ES,True,2024-05-05 05:32:05.765026,2024-05-12 19:33:30.758757
116,,IT,True,2023-07-08 00:07:37.881306,2024-01-07 17:28:31.838897
117,,NL,False,2023-10-24 23:47:50.683673,2025-09-10 13:54:23.987164
118,8,CA,False,2024-10-26 06:30:44.812227,2025-03-19 20:30:14.884357
119,,UY,True,2023-07-01 11:37:16.876421,2025-09-12 11:22:55.374889
120,8,GB,True,2023-01-04 11:55:57.078467,2023-06-16 20:26:53.056883
121,3,CA,True,2025-09-06 04:53:58.859530,2025-09-11 19:17:42.939025
122,1,BR,True,2025-01-27 00:35:58.997128,2025-07-08 21:38:20.428359
123,8,NL,False,2025-02-18 18:28:16.437638,2025-02-20 15:12:33.137366
124,3,AR,False,2023-11-10 08:55:48.574023,2025-07-17 02:24:40.313036
125,3,AR,True,2023-02-07 13:54:55.918532,2024-10-20 01:59:13.243375
126,1,JP,True,2023-12-06 03:05:06.284562,2025-04-16 03:24:00.705401
127,5,DE,False,2023-03-08 10:33:48.838253,2025-06-24 18:31:08.979300
128,10,IN,True,2023-04-15 05:14:11.999092,2024-05-18 12:46:00.470354
129,7,UY,True,2022-11-24 18:58:33.668150,2024-04-03 02:30:40.528444
130,10,US,True,2024-10-31 07:24:09.645803,2025-05-17 03:52:38.445336
131,,DE,True,2022-11-23 23:36:46.521790,2024-07-05 02:18:38.015453
132,9,FR,True,2024-05-22 22:27:05.205719,2024-06-15 02:02:22.176466
133,,AR,True,2024-08-11 00:56:54.418142,2025-09-06 02:34:35.802713
134,7,AU,True,2025-03-25 02:55:18.419299,2025-04-23 11:07:58.280595
135,9,JP,True,2025-04-23 16:42:40.045344,2025-08-03 17:51:14.425511
136,8,IT,False,2023-08-09 12:02:03.832725,2024-07-15 13:15:34.883723
137,2,BR,False,2025-01-12 13:18:51.541851,2025-02-22 22:06:31.058021
138,,JP,False,2024-02-11 12:26:03.148327,2024-08-15 07:05:03.114089
139,1,DE,True,2024-06-02 17:13:44.629187,2025-02-05 10:08:16.558919
140,7,UY,True,2022-10-10 15:30:52.599238,2024-11-01 07:02:43.738140
141,7,MX,True,2024-04-17 13:06:33.185884,2024-11-12 06:27:15.163241
142,,JP,True,2023-04-15 05:32:08.864659,2024-03-12 00:42:31.367561
143,8,US,True,2023-10-22 14:44:06.149516,2024-02-18 15:16:44.444667
144,,AR,True,2023-03-10 20:53:20.141371,2024-04-21 12:17:19.901700
145,,AR,True,2025-05-25 05:42:16.230914,2025-07-27 06:48:51.001853
146,5,US,True,2024-07-05 00:28:34.201088,2024-11-26 22:51:52.598161
147,3,CA,True,2025-01-13 20:42:16.872007,2025-07-11 05:54:40.924396
148,,CA,False,2023-04-26 19:03:32.853842,2025-02-15 04:39:34.808048
149,8,AU,True,2023-08-10 13:05:04.988848,2025-07-13 11:57:07.910706
150,,US,True,2024-05-21 09:14:26.625103,2025-01-10 06:43:52.859333
151,6,DE,False,2023-03-09 11:56:14.452748,2023-07-28 15:23:48.587985
152,3,US,False,2023-10-30 15:44:53.910927,2024-08-28 10:28:46.079517
153,1,MX,True,2023-06-30 07:54:30.977935,2025-07-11 11:20:21.749697
154,3,NL,True,2023-04-23 03:56:15.653281,2025-03-14 20:13:34.401948
155,5,BR,False,2025-01-18 23:00:01.999933,2025-02-05 00:29:28.420361
156,3,US,True,2023-11-12 10:29:15.849022,2024-08-10 13:41:11.672006
157,1,AU,False,2025-07-31 07:37:51.502036,2025-08-30 06:34:43.080923
158,5,AU,True,2024-08-22 06:11:05.294560,2025-04-06 06:02:21.821983
159,10,AU,True,2025-09-03 21:57:13.289691,2025-09-11 15:02:21.207991
160,,AU,True,2025-02-20 05:52:06.134719,2025-04-22 23:31:57.988058
161,,CA,True,2025-03-05 04:21:40.243187,2025-09-05 07:11:27.345474
162,7,FR,True,2024-09-29 15:49:20.901074,2024-12-25 13:24:23.418708
163,7,DE,True,2025-01-18 21:03:10.157994,2025-09-14 16:55:22.324438
164,9,IN,True,2024-06-24 09:01:05.675029,2025-01-03 15:21:03.725122
165,10,IT,False,2023-12-15 08:13:22.718353,2025-06-09 16:08:26.791753
166,10,AR,True,2023-05-29 08:13:29.879750,2024-04-10 17:07:02.406486
167,3,IN,True,2025-08-14 21:32:13.401153,2025-09-13 14:56:30.040242
168,7,FR,True,2025-03-30 18:19:48.094600,2025-06-17 06:15:52.992843
169,1,BR,True,2022-12-16 10:37:39.869946,2024-02-03 19:54:37.652841
170,4,JP,True,2023-12-12 12:36:18.250992,2024-03-02 09:01:42.360694
171,4,CA,True,2024-11-08 18:55:32.027713,2025-04-21 07:13:00.704861
172,5,FR,True,2024-09-07 04:00:52.327193,2025-05-16 03:18:45.273796
173,7,BR,False,2022-09-23 07:37:42.907069,2023-02-16 00:39:58.985103
174,7,BR,True,2024-11-01 21:37:37.879329,2025-01-06 00:27:27.703639
175,4,ES,True,2023-11-23 12:24:53.479310,2025-05-04 18:02:11.986062
176,7,ES,True,2022-10-14 04:38:51.805843,2025-06-03 02:23:42.963547
177,3,BR,True,2023-12-20 13:17:31.503389,2025-04-12 05:19:12.512078
178,6,IN,True,2023-07-06 03:00:42.357327,2025-05-17 13:21:26.246412
179,2,US,True,2025-02-09 12:29:32.352778,2025-09-04 18:23:02.338736
180,,UY,False,2024-10-01 16:19:15.484661,2025-06-19 01:37:01.656121
181,10,DE,True,2024-09-25 18:10:19.898152,2025-03-05 18:48:53.192231
182,,ES,True,2024-05-09 11:20:17.412672,2025-04-13 10:49:35.075926
183,9,AR,True,2024-02-05 09:27:01.628108,2024-06-18 13:45:51.784682
184,5,ES,True,2023-07-21 13:17:46.241957,2025-02-08 10:31:30.310531
185,6,IT,False,2024-06-23 04:11:06.675997,2025-03-08 21:25:00.890016
186,4,ES,True,2022-11-21 03:17:34.309362,2023-04-01 03:02:23.317030
187,10,NL,True,2023-09-15 04:08:11.993268,2024-10-05 21:29:26.227974
188,7,ES,False,2025-07-16 11:42:27.922969,2025-09-05 11:49:03.904001
189,,ES,True,2025-03-26 19:42:02.574470,2025-08-17 00:29:34.670604
190,9,AR,True,2025-05-28 17:39:01.204623,2025-07-12 15:31:59.141719
191,7,NL,True,2024-04-20 17:38:46.464066,2025-06-30 02:13:36.942265
192,1,ES,True,2024-09-24 04:28:30.804562,2025-08-02 12:56:08.619950
193,1,CA,True,2024-09-21 14:22:18.213978,2025-06-07 21:55:42.961081
194,9,GB,False,2023-05-20 05:00:38.249114,2024-04-13 18:11:38.441900
195,9,MX,True,2023-09-08 09:49:00.479320,2024-01-18 12:47:42.748120
196,4,IN,True,2024-12-28 02:35:08.091271,2025-08-14 12:13:41.041574
197,9,IN,True,2024-03-15 18:41:14.486332,2024-07-04 20:48:13.457483
198,3,IN,False,2023-04-02 11:27:36.820621,2023-06-29 04:01:17.544522
199,,MX,True,2024-07-17 02:04:11.908072,2024-07-21 06:16:11.981232
200,7,IT,False,2023-05-19 08:44:58.892090,2024-04-14 06:55:24.245529
201,6,FR,True,2022-11-07 09:31:34.077600,2024-10-14 16:29:51.057699
202,8,UY,True,2025-02-13 09:34:59.425573,2025-06-29 12:43:54.718518
203,,MX,True,2025-04-30 03:46:36.943599,2025-08-19 09:57:57.171746
204,9,UY,True,2025-06-13 02:43:20.475943,2025-07-03 22:48:07.834522
205,5,IN,True,2022-12-28 10:20:54.379309,2024-08-14 12:38:56.801452
206,1,AU,True,2022-11-05 05:16:42.353564,2023-06-16 16:33:31.789063
207,3,DE,True,2025-02-08 18:15:48.130183,2025-02-27 15:27:26.041656
208,,IT,False,2024-06-09 12:38:23.251960,2025-04-15 15:30:58.771303
209,10,IT,False,2023-05-09 09:02:10.275199,2024-11-19 08:00:36.714493
210,8,AU,True,2024-12-09 03:01:14.197562,2025-07-28 16:27:28.476915
211,6,DE,False,2024-05-18 13:42:02.471355,2024-06-16 21:16:25.141749
212,8,BR,True,2023-01-27 04:10:10.872111,2024-01-23 07:15:00.583826
213,9,UY,True,2025-03-23 15:11:14.583954,2025-07-11 08:41:31.084471
214,4,AR,True,2025-04-17 20:06:04.603743,2025-06-17 11:11:26.215202
215,1,ES,False,2024-04-22 19:24:35.483854,2024-05-11 20:20:46.955145
216,1,FR,True,2025-06-13 07:26:10.001458,2025-07-08 00:08:39.082409
217,10,AU,True,2025-08-02 12:48:06.770950,2025-09-02 05:35:00.825619
218,4,BR,True,2024-02-09 08:29:55.588159,2024-10-09 23:27:57.515273
219,7,DE,True,2022-10-28 21:39:25.696283,2023-01-19 13:39:38.400798
220,2,GB,True,2022-12-17 22:18:51.410977,2023-06-17 06:33:33.547244
221,3,MX,True,2024-01-28 20:59:56.654332,2024-09-28 07:29:46.342851
222,1,IT,True,2023-05-30 19:59:59.611834,2023-07-21 19:15:46.274346
223,5,GB,True,2025-05-16 13:50:46.008932,2025-08-15 16:56:25.183317
224,1,CA,True,2024-05-19 05:32:15.730943,2024-07-04 19:13:14.774996
225,8,CA,True,2024-05-06 23:58:06.041116,2024-11-17 05:28:02.608033
226,1,IN,False,2022-12-08 13:43:01.217964,2023-07-18 01:05:02.462476
227,1,GB,True,2022-12-12 00:04:27.432825,2023-10-22 23:17:37.714501
228,2,BR,False,2024-11-22 04:23:08.070485,2025-02-25 02:36:55.370519
229,2,AR,True,2024-11-03 03:24:51.076515,2024-12-19 01:22:35.295405
230,6,JP,False,2023-10-17 13:01:28.590587,2024-09-05 19:05:50.925758
231,,FR,True,2023-05-02 08:01:54.309255,2025-07-25 00:45:26.692671
232,7,GB,True,2024-05-07 07:20:39.431332,2025-03-03 11:15:15.315813
233,5,AR,True,2024-07-12 23:23:57.261709,2024-08-06 03:30:53.217736
234,1,IN,True,2023-03-25 20:02:36.789685,2023-05-19 21:34:19.003559
235,,AR,True,2024-09-09 06:29:20.695593,2025-04-26 19:49:28.363063
236,1,DE,True,2023-04-15 14:43:10.648941,2023-05-04 17:17:59.665462
237,3,CA,False,2024-06-12 19:25:05.221195,2024-08-26 22:50:00.041374
238,2,JP,False,2025-03-14 21:54:05.969641,2025-09-11 11:26:29.630325
239,5,MX,True,2024-12-20 17:19:55.811460,2025-01-14 03:20:05.926065
240,10,BR,True,2023-10-11 19:33:52.382558,2025-07-18 05:59:59.439461
241,,UY,True,2024-03-30 19:18:53.109582,2024-08-28 00:00:49.330329
242,6,IT,True,2024-12-07 02:15:09.494736,2024-12-08 15:42:28.951313
243,7,US,True,2022-09-24 08:40:35.180004,2023-12-27 02:49:36.675528
244,4,ES,True,2022-10-25 18:09:27.036950,2024-08-01 01:35:43.010649
245,7,FR,True,2024-08-19 23:28:44.440107,2024-09-01 22:26:39.571097
246,8,UY,True,2024-03-13 12:54:45.789650,2024-06-01 09:04:54.029010
247,1,BR,True,2024-07-25 04:14:54.447571,2025-08-09 07:46:33.406077
248,6,ES,True,2024-04-30 12:07:22.227937,2024-08-20 03:08:41.476505
249,8,ES,True,2025-05-18 09:42:31.480250,2025-09-05 07:04:48.828917
250,5,JP,True,2022-12-28 22:19:34.682528,2023-03-15 23:26:32.070995
251,4,IN,True,2024-09-21 15:54:03.824896,2025-05-07 11:28:34.635083
252,2,IT,True,2024-04-18 13:59:57.375932,2025-02-18 22:18:45.359188
253,6,FR,True,2022-11-02 09:15:53.175004,2024-03-18 12:30:46.178144
254,6,FR,True,2025-09-06 19:35:54.079213,2025-09-11 09:42:10.081104
255,1,CA,True,2024-12-21 06:27:22.347240,2025-04-19 01:32:51.457838
256,9,BR,True,2024-03-01 17:13:50.080086,2024-08-05 16:05:05.930938
257,6,JP,True,2025-01-02 04:06:36.694321,2025-08-26 10:29:35.922811
258,3,MX,True,2024-04-22 01:36:52.672166,2025-08-06 10:24:00.988334
259,4,JP,True,2025-08-20 12:12:06.789018,2025-09-04 12:17:47.035771
260,4,GB,True,2024-08-30 17:59:42.913571,2024-10-18 19:47:59.955100
261,,FR,True,2023-11-19 05:38:55.569728,2025-03-08 18:56:31.332205
262,3,NL,True,2024-01-17 05:20:38.030455,2024-08-10 08:57:04.382117
263,10,US,True,2023-09-15 11:09:20.411700,2024-03-12 11:24:47.500304
264,3,DE,True,2023-01-20 01:35:04.221332,2025-05-17 15:21:31.172541
265,3,GB,True,2024-01-15 03:07:47.269685,2024-03-02 15:39:23.912015
266,,ES,True,2025-01-22 11:57:33.400975,2025-02-07 06:28:36.357171
267,4,US,True,2023-06-14 12:18:01.148339,2024-03-25 20:58:12.601053
268,7,GB,False,2024-12-11 11:33:01.997382,2024-12-21 04:56:06.690570
269,,GB,True,2023-02-02 15:11:26.679603,2023-09-13 02:50:42.638537
270,4,DE,True,2025-01-02 03:40:42.634735,2025-01-03 20:24:03.600136
271,9,CA,True,2023-05-06 00:08:32.027479,2024-02-19 18:50:33.648683
272,1,NL,True,2023-08-27 17:05:22.214347,2024-10-15 13:49:07.181032
273,8,JP,True,2024-09-29 09:28:32.588557,2024-12-25 04:18:11.015339
274,7,IN,True,2023-09-13 07:35:50.943203,2023-11-04 05:48:59.747993
275,2,AR,True,2023-02-28 19:36:32.229209,2023-09-05 08:08:32.368917
276,8,IT,True,2023-06-13 02:11:11.853086,2025-06-20 20:52:23.667017
277,1,MX,True,2023-11-09 04:07:42.099750,2025-01-08 16:08:16.676741
278,9,AU,True,2023-10-07 00:26:56.258966,2025-06-13 05:00:46.257051
279,9,DE,True,2023-12-26 19:07:04.095436,2024-08-05 04:57:23.363681
280,2,DE,True,2025-06-06 01:21:30.394049,2025-06-21 02:02:10.436770
281,7,IT,True,2025-02-01 01:09:09.876652,2025-02-08 07:04:05.435406
282,10,CA,True,2023-11-04 13:45:27.830542,2024-02-18 16:35:05.996994
283,3,ES,True,2024-01-29 17:42:48.871405,2025-01-11 09:47:49.192778
284,7,CA,True,2024-01-24 13:11:47.004808,2025-03-25 08:09:19.728577
285,10,AU,True,2023-04-11 03:28:38.840440,2023-05-08 21:03:28.469201
286,,GB,True,2024-12-10 01:43:56.461005,2024-12-11 22:24:26.024732
287,9,UY,True,2023-10-10 06:49:39.559357,2024-11-15 02:28:51.533413
288,4,US,True,2024-12-20 13:16:36.960673,2025-04-30 13:02:41.577365
289,1,MX,True,2025-03-21 09:19:09.012609,2025-09-06 18:17:15.609419
290,,ES,False,2022-11-11 08:35:52.591036,2023-11-23 05:34:39.563166
291,2,MX,True,2023-02-27 09:01:15.061272,2024-12-04 12:38:36.837607
292,1,NL,True,2024-08-04 17:42:31.622301,2024-09-09 16:11:17.305266
293,5,US,True,2024-03-09 09:28:30.532518,2025-02-17 17:18:17.393035
294,,IT,True,2023-08-11 22:21:25.308850,2023-08-14 21:57:35.741920
295,5,AU,True,2023-12-12 18:45:27.010791,2025-04-05 09:11:48.319051
296,,US,True,2023-12-31 15:02:06.387020,2024-10-05 02:02:00.540308
297,,CA,True,2025-07-25 19:47:04.366402,2025-08-24 03:44:49.261365
298,7,DE,True,2024-01-01 03:15:13.090905,2025-01-02 01:23:32.449908
299,9,UY,True,2024-02-17 03:53:52.987552,2025-08-26 17:55:09.473256
300,9,IN,False,2024-08-06 23:17:56.361688,2025-01-06 07:16:55.474845
301,3,GB,True,2023-12-23 09:49:19.046464,2025-07-19 22:53:24.217054
302,3,FR,True,2025-03-09 23:30:11.328038,2025-08-11 04:21:21.734541
303,3,FR,False,2023-06-23 15:34:48.852417,2025-06-23 18:53:35.615874
304,4,AU,True,2024-10-04 10:48:10.910977,2025-05-31 14:29:42.771109
305,,NL,False,2024-02-15 03:08:41.799523,2024-12-23 23:34:30.373407
306,8,CA,True,2023-10-17 23:49:55.843811,2024-09-19 04:33:00.503214
307,6,IN,False,2024-11-18 22:15:57.384008,2025-08-19 15:21:57.302805
308,,US,False,2023-03-29 05:56:13.224998,2024-05-23 15:52:24.807995
309,8,IN,True,2023-11-25 03:48:40.389759,2024-08-07 04:42:57.217055
310,1,IT,True,2023-10-18 17:55:56.204114,2024-09-04 02:50:27.907282
311,8,JP,True,2023-10-18 11:12:05.710619,2023-12-25 03:16:22.413848
312,4,DE,True,2023-09-28 05:31:23.285223,2025-04-04 13:36:03.794543
313,,MX,True,2025-08-13 22:33:13.303642,2025-09-12 00:18:21.195618
314,1,AU,True,2023-06-06 20:24:58.568301,2025-06-22 22:24:37.758095
315,8,DE,True,2024-10-17 04:24:06.561996,2024-11-15 14:23:26.854907
316,4,IN,True,2025-03-02 14:14:42.807883,2025-04-19 02:22:38.463747
317,6,UY,False,2025-05-26 14:53:16.392319,2025-09-13 13:55:07.918183
318,8,AU,False,2022-12-30 03:38:02.579401,2024-10-18 03:12:12.448721
319,,MX,True,2025-04-10 05:16:07.273799,2025-07-18 04:58:46.328544
320,4,IN,True,2024-05-30 21:46:57.305457,2025-03-27 17:16:58.775214
321,,BR,False,2023-02-17 05:15:22.795802,2023-04-16 15:51:01.863952
322,3,BR,True,2022-10-02 16:55:45.085346,2023-06-24 07:29:54.688231
323,,UY,True,2023-04-25 14:46:14.469081,2024-03-20 13:18:06.913090
324,9,JP,True,2023-04-17 16:49:36.058141,2024-03-15 00:44:44.818328
325,3,UY,True,2023-11-28 16:06:21.286739,2025-05-27 06:31:54.020408
326,9,US,True,2024-10-15 00:40:33.565187,2024-12-31 17:56:38.033544
327,2,IT,True,2022-11-05 17:04:47.493168,2023-09-22 19:30:15.062804
328,2,AR,True,2022-11-18 09:46:13.867018,2024-06-13 22:11:13.588532
329,2,FR,True,2024-05-10 20:21:40.975228,2024-08-27 04:59:05.765221
330,6,IN,True,2023-02-16 16:28:36.114244,2023-04-12 21:16:52.331579
331,3,BR,True,2025-02-24 19:35:09.055321,2025-05-21 15:39:42.713186
332,,IN,True,2024-01-31 07:51:23.105261,2024-10-03 16:10:06.080976
333,9,US,True,2022-12-21 20:20:31.472980,2024-01-02 07:09:36.772369
334,4,UY,True,2023-10-08 19:44:03.660380,2024-04-20 05:50:00.890075
335,,AU,True,2022-11-13 16:54:24.522894,2024-04-11 07:10:19.460211
336,1,DE,True,2024-12-18 07:42:50.945346,2025-05-03 07:04:39.789880
337,4,NL,True,2023-09-26 10:56:05.429435,2024-04-05 07:00:38.696822
338,,GB,True,2022-12-30 16:03:31.963614,2025-07-30 11:25:15.182201
339,,NL,True,2024-08-19 22:54:06.654363,2024-09-16 17:30:40.630815
340,,DE,True,2023-06-03 02:27:45.732540,2025-03-14 05:26:23.258947
341,1,DE,True,2025-08-13 10:48:13.705126,2025-08-29 23:10:04.840501
342,5,CA,True,2024-10-21 10:28:18.954175,2025-03-18 00:05:57.467640
343,4,AU,True,2025-04-14 06:23:32.694033,2025-07-07 22:28:23.095545
344,8,AU,True,2025-06-25 21:10:42.119984,2025-09-12 19:13:52.383827
345,,FR,True,2024-03-29 21:23:57.201598,2025-02-26 21:46:37.383416
346,8,ES,False,2024-09-22 07:36:45.052042,2024-10-20 17:46:25.865069
347,,GB,True,2024-06-10 11:16:52.550326,2024-07-17 02:12:52.679018
348,7,CA,True,2023-01-07 09:27:10.981396,2024-02-28 16:34:30.736368
349,,IN,True,2025-02-24 19:08:35.072612,2025-02-26 21:53:23.898590
350,,MX,True,2023-12-27 09:16:40.836503,2024-11-27 14:19:12.894389
351,,MX,True,2024-01-30 06:49:04.349914,2024-04-05 19:09:56.818711
352,3,FR,True,2022-09-21 08:13:50.304405,2023-03-10 15:10:49.526175
353,1,FR,True,2022-12-26 20:58:24.002142,2024-06-28 21:03:07.903798
354,1,IN,True,2024-11-29 22:20:45.601298,2025-07-09 13:15:11.486072
355,3,DE,True,2023-09-28 10:48:26.762378,2025-07-15 21:17:40.611676
356,6,IN,True,2022-10-05 01:06:42.945747,2024-05-13 15:03:34.006202
357,7,UY,True,2023-11-13 22:43:13.943625,2024-05-29 10:46:10.358110
358,6,AU,True,2025-08-10 01:13:24.969253,2025-09-11 16:23:20.141714
359,6,US,True,2025-05-04 02:15:22.741162,2025-07-21 13:36:42.340753
360,,CA,True,2025-03-03 16:07:25.560977,2025-03-17 19:41:06.239773
361,6,ES,True,2023-06-22 00:40:15.327257,2024-01-11 08:21:41.264817
362,,CA,False,2024-02-12 19:50:27.228917,2025-07-28 13:36:23.019681
363,3,CA,True,2023-02-17 21:17:46.100270,2025-06-24 17:08:29.487799
364,6,IN,True,2024-02-28 09:05:38.549366,2024-07-13 18:07:19.820003
365,,IN,True,2023-05-30 02:38:40.420569,2023-06-20 08:42:48.175996
366,8,MX,True,2025-08-25 16:02:03.016053,2025-09-12 19:49:09.796435
367,2,AU,False,2023-10-21 23:41:36.843333,2024-02-26 22:30:27.821116
368,5,AR,True,2022-11-08 08:34:06.324357,2024-03-01 02:06:13.935611
369,1,US,True,2025-05-30 21:32:04.031525,2025-07-15 06:37:03.681737
370,,AR,True,2024-01-20 07:09:39.425201,2025-05-27 15:07:46.913512
371,,JP,True,2024-02-04 04:20:03.241795,2024-11-05 06:36:32.122120
372,1,BR,False,2022-11-27 06:11:06.871866,2025-06-16 03:07:59.338548
373,5,AU,True,2024-09-20 17:43:59.715681,2024-10-01 05:22:23.994242
374,3,AU,True,2024-03-30 11:05:59.840719,2024-11-14 17:33:49.188865
375,,UY,True,2024-11-20 01:15:25.430714,2024-11-21 02:35:25.467821
376,4,JP,True,2025-06-29 16:56:20.740979,2025-06-30 23:37:52.057626
377,3,MX,True,2024-07-04 22:25:00.313859,2024-09-20 19:31:05.313791
378,1,FR,False,2024-01-19 09:33:34.081619,2024-09-05 15:08:13.682988
379,1,DE,True,2025-06-21 08:26:18.878776,2025-07-28 02:56:21.884185
380,5,FR,False,2024-09-25 18:13:51.212786,2025-03-16 22:35:00.202387
381,6,AR,False,2025-04-07 21:16:52.329114,2025-04-30 20:58:16.578335
382,3,ES,False,2024-08-05 12:14:00.819805,2025-09-09 09:49:40.723301
383,,AR,True,2025-07-03 06:08:20.756226,2025-08-08 21:26:03.887326
384,9,GB,True,2023-11-07 23:14:02.866666,2024-08-07 17:43:49.400746
385,5,AR,False,2023-12-26 02:51:18.095895,2025-03-27 12:15:39.019039
386,8,IN,True,2024-10-12 23:35:29.737050,2025-09-12 22:42:44.733656
387,,FR,False,2025-01-30 08:16:23.771739,2025-08-20 06:05:19.817006
388,1,CA,True,2023-07-03 13:27:43.440748,2023-12-12 20:38:27.335580
389,5,AU,True,2024-08-18 08:04:15.611252,2025-05-26 21:07:37.471918
390,3,IN,True,2023-09-16 08:25:48.187834,2024-07-27 15:41:19.922526
391,,GB,False,2025-05-09 11:44:49.068521,2025-09-12 18:20:15.255804
392,1,IT,True,2024-01-22 11:21:29.567726,2024-04-12 14:04:05.829540
393,,UY,True,2024-08-08 03:51:41.554343,2025-01-06 01:04:32.543167
394,4,AU,True,2023-11-12 06:59:14.035269,2025-08-30 05:13:29.157031
395,,CA,False,2024-12-12 18:59:04.583223,2025-08-16 20:49:21.588647
396,5,US,True,2023-01-23 22:24:13.653286,2024-10-16 16:34:00.400373
397,,ES,True,2025-01-07 00:55:42.096852,2025-08-20 11:46:13.764807
398,7,NL,True,2022-10-15 02:05:03.728069,2024-10-18 12:28:57.704417
399,1,AU,True,2023-01-29 23:58:41.069517,2024-05-06 14:22:26.595220
400,,NL,True,2024-07-22 09:46:03.882176,2025-02-09 01:17:33.890955
401,3,DE,True,2023-10-19 04:07:50.689322,2025-06-26 11:22:07.917063
402,,AR,True,2024-12-12 17:48:17.353243,2025-03-16 16:34:58.473524
403,2,CA,True,2025-08-09 06:13:57.387544,2025-08-09 21:05:36.764581
404,9,ES,True,2025-04-21 22:30:33.152284,2025-07-17 14:04:17.708661
405,10,FR,True,2024-02-12 15:51:14.749360,2025-02-20 13:02:52.776704
406,6,NL,True,2025-05-01 16:17:30.358749,2025-07-28 05:25:32.899328
407,,US,True,2024-04-06 03:35:12.589700,2024-06-25 09:05:43.998993
408,10,GB,True,2025-06-28 03:04:32.984709,2025-09-01 17:50:30.019630
409,,GB,False,2023-12-20 18:28:12.585681,2024-10-30 07:38:22.691629
410,3,IT,True,2023-06-26 12:43:06.396872,2025-06-04 20:06:46.182654
411,,FR,True,2022-12-17 19:32:27.678482,2024-12-26 09:26:02.790921
412,8,IT,True,2023-05-15 01:52:59.940523,2024-06-30 20:51:19.326086
413,8,NL,False,2025-01-18 13:49:17.633722,2025-03-24 01:23:01.236846
414,2,AR,True,2024-05-14 04:24:12.502463,2025-07-29 16:41:38.303586
415,6,JP,True,2024-06-13 13:43:39.965002,2025-09-03 15:34:42.072476
416,,AR,True,2023-06-27 17:29:17.777486,2025-04-22 19:28:26.919908
417,,NL,False,2023-01-15 16:55:33.062476,2025-03-14 07:44:35.501532
418,7,AU,True,2023-12-15 06:51:59.036682,2025-01-06 00:36:56.652647
419,,FR,True,2023-03-23 11:24:49.825095,2025-04-29 11:02:12.009197
420,2,FR,True,2023-05-04 02:12:55.140192,2023-09-30 17:08:29.788024
421,10,DE,True,2024-11-08 03:16:56.589755,2025-05-29 05:20:03.342224
422,2,MX,True,2025-06-03 04:20:33.298482,2025-06-19 03:35:38.150460
423,10,FR,True,2025-04-17 21:53:56.722157,2025-08-16 02:05:19.767171
424,1,NL,True,2024-11-13 01:55:02.244189,2025-08-13 01:37:43.686509
425,8,MX,True,2024-08-03 10:06:14.541116,2024-08-15 08:44:00.348317
426,1,NL,False,2023-01-06 08:00:21.226012,2024-08-09 02:08:27.013897
427,9,US,True,2025-02-17 21:41:02.857810,2025-06-05 17:54:50.825382
428,6,IN,True,2023-08-08 01:07:28.402705,2023-12-24 00:52:57.616007
429,7,MX,True,2025-07-27 13:59:46.051006,2025-08-27 18:48:02.327710
430,,GB,True,2024-12-29 03:00:30.819067,2025-01-05 15:14:02.155727
431,10,DE,True,2024-06-10 16:45:50.491411,2025-08-17 04:12:08.952524
432,7,NL,True,2025-02-15 00:44:30.932196,2025-02-16 00:14:25.869168
433,10,IT,True,2025-01-29 13:59:49.548941,2025-07-25 12:38:18.161834
434,3,IT,True,2023-12-05 23:42:00.060126,2024-04-08 15:51:09.250642
435,2,GB,True,2024-12-10 17:55:39.252386,2025-04-14 16:25:36.053918
436,,JP,True,2024-12-06 11:00:03.062325,2025-03-27 17:44:31.889267
437,9,IN,False,2024-11-29 18:58:07.700494,2025-01-24 08:37:21.960665
438,8,FR,True,2024-06-04 10:27:08.921229,2024-06-16 20:55:04.622769
439,,MX,True,2024-05-11 23:35:24.309166,2025-09-04 19:53:17.173357
440,10,AU,True,2024-05-18 09:44:33.976203,2024-11-21 23:18:04.884526
441,7,AU,False,2025-08-10 21:48:25.387472,2025-09-10 05:53:38.598185
442,,AR,True,2023-01-23 13:57:51.836357,2024-11-22 06:39:29.862918
443,9,MX,True,2022-10-23 06:35:31.230647,2024-03-04 18:32:30.836154
444,4,NL,False,2024-06-05 15:06:07.222554,2024-12-16 10:19:09.000106
445,4,NL,False,2025-05-05 21:18:52.366292,2025-08-15 20:41:28.598916
446,1,FR,True,2024-01-29 18:36:41.265374,2024-11-21 15:20:31.908159
447,,IN,False,2024-08-23 11:28:26.618872,2025-05-23 00:48:59.237266
448,,CA,True,2025-09-05 05:31:52.084162,2025-09-12 22:46:15.520828
449,8,IT,True,2024-06-23 16:21:55.070384,2024-11-17 15:11:52.894305
450,3,ES,True,2022-10-07 04:58:00.009752,2023-03-21 11:22:05.172501
451,7,AR,True,2023-12-15 18:21:14.598604,2024-12-26 06:02:07.887766
452,2,CA,True,2023-04-11 03:52:51.418157,2025-08-22 20:05:29.824719
453,2,AR,False,2024-08-04 06:22:41.389696,2025-08-05 19:50:11.037178
454,7,IT,True,2022-10-03 00:52:52.144312,2023-10-22 10:02:01.524667
455,6,US,True,2022-11-13 09:07:04.949873,2023-04-08 23:06:17.470089
456,3,MX,True,2022-09-24 04:35:04.911734,2025-05-12 10:48:22.791816
457,9,MX,True,2023-07-27 10:10:42.426857,2025-09-08 16:40:39.081826
458,10,FR,False,2022-11-19 05:49:15.240340,2024-08-01 16:07:54.667932
459,6,IT,False,2022-09-21 22:01:55.904513,2024-11-26 09:43:38.397170
460,10,MX,True,2025-06-26 14:51:43.607485,2025-07-07 05:16:00.831579
461,10,MX,True,2024-04-07 12:32:04.386861,2025-02-14 15:19:30.334511
462,6,ES,True,2024-01-14 04:22:05.195198,2024-12-28 08:26:57.246832
463,1,MX,True,2024-12-09 00:44:12.695246,2025-02-08 18:47:32.681910
464,4,IT,False,2025-04-22 06:19:47.870661,2025-04-27 13:01:14.551571
465,10,DE,True,2023-12-27 06:03:49.341664,2024-12-27 11:46:37.302650
466,6,GB,True,2024-06-03 12:01:47.552840,2024-10-10 16:02:50.818653
467,6,ES,True,2023-04-23 07:03:27.152577,2025-02-13 13:40:40.245785
468,5,BR,True,2024-08-29 03:50:19.204259,2025-09-12 16:36:36.946862
469,1,IN,True,2023-05-01 05:29:16.009187,2025-04-18 16:32:24.301177
470,8,IT,True,2024-02-26 01:50:55.354184,2024-03-31 05:50:35.176436
471,5,US,True,2024-12-30 21:31:15.262371,2025-01-30 08:54:21.311151
472,5,US,False,2024-07-22 23:54:47.248122,2025-06-17 19:41:07.720765
473,7,BR,True,2025-05-16 11:59:40.050981,2025-08-20 04:25:49.647675
474,4,CA,True,2024-09-05 00:20:20.288381,2024-12-10 15:47:00.343417
475,6,MX,True,2024-04-04 06:29:56.308945,2024-08-28 17:26:13.071302
476,4,NL,True,2025-04-05 06:54:58.479728,2025-04-20 00:28:20.149015
477,3,AR,True,2024-12-31 22:54:15.561055,2025-02-02 17:12:48.441234
478,7,IN,True,2025-06-14 12:19:29.345032,2025-07-20 22:38:53.247036
479,,US,True,2025-09-12 01:55:17.590684,2025-09-12 03:02:12.978132
480,8,FR,True,2023-02-27 09:14:33.921187,2024-10-21 04:53:24.292232
481,4,MX,True,2025-01-10 01:22:26.595509,2025-01-16 21:03:27.812018
482,2,IN,True,2025-08-31 13:13:12.535481,2025-09-01 08:17:24.139825
483,10,JP,True,2024-03-09 13:25:08.519133,2025-03-20 23:50:12.822025
484,,MX,True,2023-11-01 09:52:07.437776,2025-04-11 12:36:23.549648
485,,AR,True,2024-12-23 19:29:06.749725,2025-06-25 14:27:33.133945
486,3,IN,True,2024-07-13 02:19:15.605212,2024-09-12 20:11:13.318932
487,1,CA,True,2023-03-03 13:42:33.047270,2025-03-09 14:58:30.008531
488,8,JP,True,2024-04-10 05:26:58.578010,2025-08-19 23:38:18.078346
489,3,GB,True,2024-08-19 18:38:48.732120,2025-02-21 16:43:34.822424
490,10,JP,True,2022-10-13 08:56:03.192001,2023-03-01 10:31:52.258101
491,7,AR,True,2023-01-11 02:50:25.664792,2023-11-08 01:45:59.808754
492,10,GB,True,2023-11-05 02:56:32.363385,2024-10-18 00:02:24.292673
493,5,IT,True,2024-03-06 04:07:26.390949,2025-02-26 14:02:49.581480
494,10,GB,True,2025-05-03 10:17:13.427089,2025-06-14 10:44:58.985357
495,5,ES,True,2024-11-13 13:45:29.819846,2025-04-03 07:44:02.249421
496,7,IT,True,2024-09-03 20:55:02.751114,2025-03-12 10:20:08.100929
497,9,IT,False,2023-04-05 05:05:17.821516,2024-02-22 16:07:16.937264
498,5,FR,False,2023-08-28 06:58:13.171441,2024-02-01 06:02:14.548606
499,,DE,True,2022-11-27 02:48:56.451345,2024-08-29 04:57:28.121053
500,1,AU,True,2025-01-19 11:54:35.671388,2025-05-21 11:53:14.385139
501,10,US,True,2025-04-05 09:53:18.964802,2025-07-23 06:57:35.386969
502,10,ES,True,2025-07-07 22:20:11.227719,2025-07-11 19:42:03.182056
503,1,AR,True,2022-11-14 12:13:38.455681,2024-02-08 19:56:01.180221
504,2,AR,True,2025-01-08 01:11:47.301842,2025-05-18 20:50:14.841315
505,6,IN,True,2023-05-25 10:42:51.726096,2024-02-19 11:25:09.662871
506,9,JP,True,2024-11-21 22:12:58.821765,2025-03-20 10:27:23.925090
507,8,UY,True,2022-10-14 05:19:29.664670,2024-06-21 15:51:41.375124
508,,FR,True,2024-03-17 18:41:07.256328,2025-07-11 19:26:58.344962
509,5,US,True,2024-05-13 12:45:24.713235,2025-04-22 07:24:54.459302
510,1,AR,False,2024-11-03 12:55:13.554865,2024-12-19 14:58:24.256034
511,7,NL,True,2023-03-22 17:05:00.084464,2025-03-18 05:11:43.696305
512,5,MX,True,2023-09-29 13:02:39.446052,2025-06-23 06:44:51.869920
513,6,NL,True,2023-09-05 08:37:21.251298,2025-04-16 18:34:10.053748
514,7,UY,True,2024-03-20 01:58:35.961957,2024-09-29 06:58:24.057026
515,3,FR,True,2024-04-24 02:00:18.846340,2024-07-17 19:40:47.968482
516,10,AU,True,2025-02-15 09:52:20.070367,2025-03-07 05:11:47.843477
517,3,GB,True,2023-08-07 04:18:16.474998,2025-05-01 08:57:23.098896
518,5,CA,True,2023-01-03 15:21:24.441220,2023-10-17 06:23:57.123983
519,6,UY,True,2023-06-10 20:08:58.753296,2025-06-11 18:35:29.769233
520,9,GB,True,2025-03-25 01:12:28.486333,2025-04-11 18:18:26.078673
521,5,FR,True,2025-02-09 10:05:53.402554,2025-09-09 10:43:34.766333
522,1,AU,True,2024-07-25 02:24:28.383934,2024-11-05 19:57:56.697587
523,4,GB,True,2024-11-30 17:56:14.231913,2025-01-24 03:57:34.377110
524,5,JP,True,2023-12-04 23:36:08.341891,2024-04-05 20:00:20.587915
525,10,MX,True,2022-10-19 10:02:22.932317,2023-09-06 10:03:58.884613
526,,AU,True,2023-07-30 21:08:03.334795,2023-09-03 07:04:17.120961
527,,AU,True,2023-04-06 11:01:37.704525,2024-06-25 23:39:32.794274
528,10,FR,True,2025-01-23 10:05:47.033665,2025-04-05 21:03:28.566514
529,5,FR,False,2025-05-18 01:08:21.836430,2025-09-08 19:29:51.019974
530,,BR,True,2025-03-01 20:51:13.529261,2025-06-15 11:30:01.425766
531,,CA,True,2025-05-18 05:37:48.700716,2025-07-27 06:32:51.300075
532,,JP,True,2023-11-24 09:40:59.930049,2025-07-17 19:57:04.538520
533,7,NL,True,2024-03-19 22:19:34.844750,2024-11-15 20:50:30.131623
534,4,JP,True,2023-09-13 19:21:47.539598,2024-10-23 13:15:20.028092
535,1,DE,True,2024-11-30 19:55:15.994413,2025-02-05 16:54:27.222092
536,5,JP,False,2023-04-15 18:42:33.223179,2025-08-16 03:10:25.272273
537,7,MX,False,2024-05-21 23:54:17.903638,2024-10-03 01:53:50.052706
538,10,AU,True,2023-02-19 00:01:22.991980,2023-03-23 02:58:45.211538
539,10,IT,False,2025-05-04 19:02:28.685295,2025-06-22 20:21:53.834079
540,6,ES,True,2023-06-16 10:48:01.208923,2025-07-13 13:10:07.018578
541,5,JP,True,2024-05-02 15:28:58.514225,2025-07-20 19:59:06.372537
542,4,BR,False,2024-05-31 22:17:01.117496,2025-02-12 23:32:32.949335
543,2,ES,False,2023-04-18 21:43:37.626679,2025-08-14 09:05:48.644516
544,4,IN,True,2024-06-11 22:30:18.556022,2025-06-09 00:54:20.756473
545,10,DE,True,2024-06-19 02:04:23.144834,2024-07-08 00:31:40.956434
546,,DE,False,2022-12-05 14:00:37.765061,2024-12-12 18:44:32.215104
547,,ES,True,2024-08-03 02:54:33.332969,2024-08-15 13:11:58.791082
548,,GB,True,2023-10-24 02:37:08.733937,2024-08-23 08:16:15.121898
549,10,GB,True,2023-11-12 02:17:35.276560,2025-07-20 15:57:26.908699
550,3,CA,True,2024-06-07 08:14:39.742286,2024-08-07 21:58:38.611502
551,10,AR,True,2023-01-19 02:05:34.399041,2024-05-07 22:22:49.503011
552,1,BR,False,2025-05-16 02:55:31.059799,2025-09-13 16:32:08.053303
553,,UY,False,2023-01-07 05:25:01.929599,2024-02-06 11:02:13.720113
554,8,NL,True,2024-06-17 09:56:47.305932,2024-08-05 16:45:21.770405
555,5,GB,True,2025-03-01 08:29:57.584932,2025-06-17 21:59:33.660408
556,4,UY,True,2024-08-19 12:41:42.358111,2024-12-30 18:12:53.056866
557,8,FR,True,2023-06-25 13:15:08.670246,2024-12-31 15:43:17.616948
558,7,CA,True,2023-05-04 09:28:23.266431,2024-09-02 02:27:55.225211
559,,AR,True,2023-05-05 09:36:46.144140,2024-02-29 14:48:40.071558
560,2,ES,True,2023-09-10 10:02:09.118791,2025-03-04 14:08:34.381207
561,1,US,False,2024-07-21 20:16:35.055966,2024-12-10 16:25:35.373010
562,4,NL,False,2025-02-23 22:08:31.927920,2025-05-15 22:39:49.356880
563,,IN,True,2025-01-06 11:10:26.899954,2025-06-17 05:54:00.607980
564,8,CA,True,2023-08-27 22:57:33.243555,2024-11-06 06:20:09.772488
565,2,AU,True,2024-07-01 21:38:50.164151,2024-11-23 23:08:07.032772
566,3,GB,True,2025-06-16 05:44:15.884681,2025-06-25 10:06:29.016645
567,,NL,True,2022-11-14 21:41:13.129319,2023-12-26 22:32:32.135667
568,1,BR,True,2024-11-13 11:47:01.978838,2025-05-18 18:44:46.689425
569,1,US,True,2023-10-27 13:47:55.019377,2023-11-24 11:43:27.563439
570,3,IN,True,2023-05-29 03:56:26.411443,2023-11-30 01:29:34.120312
571,5,NL,True,2023-09-09 06:30:30.570865,2025-03-22 04:26:26.940281
572,,NL,True,2023-04-24 00:13:26.885383,2024-10-31 05:41:35.230548
573,3,NL,True,2024-07-04 13:32:08.687489,2025-01-24 21:19:26.101929
574,1,ES,True,2025-08-09 19:52:50.681503,2025-08-29 20:58:33.034537
575,1,FR,True,2023-11-30 18:29:50.240398,2024-02-26 19:11:46.133445
576,8,JP,True,2022-11-10 15:52:19.411240,2024-04-01 23:18:45.689171
577,10,AU,True,2022-10-28 00:17:55.427876,2023-11-08 17:35:53.624734
578,2,MX,True,2025-03-23 05:09:22.327477,2025-04-29 11:15:46.236166
579,3,FR,True,2024-11-13 15:52:04.156999,2025-04-21 23:45:34.947320
580,2,DE,False,2024-12-17 11:51:13.793764,2025-09-08 00:35:16.256350
581,,MX,True,2024-07-28 23:11:57.686729,2024-10-16 18:19:09.296579
582,3,DE,True,2023-09-28 19:29:46.136498,2025-03-23 17:46:45.851778
583,7,ES,True,2025-05-20 02:29:45.309864,2025-08-05 07:30:34.191112
584,1,JP,True,2023-06-16 23:03:53.223681,2024-01-29 20:53:17.672766
585,10,UY,True,2023-02-08 12:22:45.017172,2023-05-19 04:27:56.577941
586,8,AR,True,2023-11-22 16:18:16.122457,2025-05-14 11:45:11.706074
587,10,JP,True,2023-02-11 12:26:21.341566,2023-07-29 02:01:40.666134
588,10,AR,True,2022-12-04 08:10:28.489516,2025-06-25 15:54:43.179523
589,10,FR,False,2023-12-01 10:24:29.048291,2025-04-02 21:57:56.725018
590,2,IN,True,2025-05-12 10:06:51.909117,2025-08-07 00:24:38.815597
591,,UY,True,2023-09-17 17:49:01.545312,2025-01-23 01:34:45.168891
592,,DE,True,2023-05-18 03:37:33.065060,2025-08-26 03:03:17.263809
593,3,UY,True,2024-03-13 12:02:15.510130,2024-12-04 03:16:42.837770
594,9,GB,True,2022-10-24 10:45:14.797074,2025-04-04 15:19:17.102034
595,7,IT,True,2025-07-22 11:42:53.234628,2025-08-14 04:31:39.017919
596,,CA,True,2024-12-29 14:27:42.308902,2025-05-20 23:43:48.893396
597,4,AU,True,2024-04-14 02:31:02.602591,2024-06-13 20:47:10.061450
598,10,MX,True,2022-11-21 00:11:33.580265,2024-12-12 01:36:13.930380
599,5,FR,True,2023-09-02 06:49:21.468852,2023-09-05 04:44:52.380661
600,2,UY,True,2025-05-14 21:49:22.093905,2025-08-29 21:06:39.848721
601,8,CA,False,2023-04-03 23:12:49.356853,2024-11-14 06:15:31.586429
602,4,US,True,2025-06-26 18:20:46.100726,2025-08-31 21:28:44.330685
603,9,FR,True,2023-04-12 04:58:52.674300,2024-01-26 21:26:45.811596
604,5,DE,True,2025-05-25 22:42:46.514275,2025-08-15 01:41:35.911551
605,,IT,True,2023-12-07 12:49:45.623276,2025-03-06 07:53:22.310861
606,9,DE,True,2025-02-16 00:24:02.736818,2025-04-28 14:35:48.933478
607,4,FR,True,2023-01-26 07:12:40.653402,2023-04-02 14:30:24.313285
608,10,US,False,2025-01-28 07:55:36.369967,2025-05-17 02:04:19.250040
609,5,FR,True,2022-10-13 16:46:01.395860,2024-07-07 09:16:05.129315
610,9,IT,True,2023-02-03 19:07:24.032553,2023-06-17 06:25:28.165118
611,8,FR,True,2025-08-07 13:18:46.636352,2025-09-09 12:14:31.841367
612,3,GB,True,2024-06-28 22:07:54.324435,2025-07-15 05:07:40.983265
613,1,NL,True,2022-09-21 18:18:58.979336,2023-12-02 10:01:45.646626
614,3,CA,True,2023-02-06 15:09:01.925016,2024-01-17 18:07:00.453014
615,4,BR,True,2023-07-22 16:13:28.618546,2023-11-06 08:51:05.816449
616,,UY,True,2023-07-24 05:11:51.450113,2023-08-15 08:25:30.292439
617,,DE,True,2024-02-06 00:25:08.882616,2025-07-03 09:56:30.662119
618,,UY,True,2023-11-02 17:56:38.659623,2025-04-06 12:57:30.447233
619,2,JP,False,2023-06-17 08:33:25.199377,2024-12-07 22:46:29.374362
620,1,FR,False,2025-06-21 10:17:54.293837,2025-07-16 08:45:09.396504
621,7,NL,True,2023-05-26 14:47:31.092377,2025-04-18 07:46:58.893826
622,8,AR,False,2023-03-06 11:45:02.761685,2023-12-29 06:58:02.979907
623,7,MX,True,2023-01-08 07:23:35.655915,2025-03-30 17:49:45.929240
624,5,NL,True,2024-06-07 10:14:35.784238,2024-08-29 16:30:19.848016
625,1,JP,False,2024-01-29 12:05:14.494317,2024-01-30 17:33:56.864065
626,7,US,True,2025-08-04 01:57:05.145207,2025-08-09 12:56:13.566826
627,7,ES,True,2023-09-26 21:24:26.686918,2024-06-19 16:59:07.669409
628,,IT,True,2024-12-21 05:06:19.876732,2025-07-26 21:46:29.281220
629,,IN,True,2022-11-16 14:41:05.005739,2023-04-27 21:18:47.993878
630,,NL,True,2024-08-19 18:22:14.267127,2024-12-17 18:08:41.349238
631,9,IT,True,2024-08-25 15:30:48.726191,2025-06-07 21:13:40.710464
632,3,AU,False,2025-07-29 13:36:15.939720,2025-08-07 22:34:52.285357
633,9,NL,True,2025-05-14 04:21:10.490684,2025-05-14 10:17:13.222806
634,1,JP,False,2024-06-14 18:09:34.001028,2025-05-29 12:37:34.251879
635,1,JP,True,2024-01-18 18:41:29.806542,2025-03-12 20:01:49.082180
636,,UY,True,2023-02-13 08:09:22.920009,2024-09-22 03:01:23.703779
637,,NL,False,2024-10-30 04:31:31.920253,2025-09-11 16:37:31.411100
638,4,FR,True,2023-01-10 22:58:44.085281,2025-09-09 07:51:41.260207
639,,NL,True,2024-09-20 10:21:43.087728,2025-06-20 09:25:08.512442
640,,CA,False,2023-05-23 23:07:32.534883,2025-06-15 01:55:15.732637
641,9,CA,False,2024-09-01 00:49:45.359024,2025-05-06 02:38:35.590732
642,6,NL,True,2024-10-22 04:55:18.749521,2025-04-20 03:36:10.245412
643,3,IT,True,2025-02-01 06:01:04.212414,2025-09-06 16:23:43.852910
644,,AU,True,2024-07-26 10:43:24.393985,2024-09-09 15:50:41.351798
645,1,FR,False,2022-12-25 13:35:21.690491,2023-04-14 08:18:54.332818
646,,AR,True,2023-02-07 14:32:44.818102,2025-05-05 13:29:01.225076
647,,AU,True,2024-03-06 12:37:57.560479,2024-12-30 14:22:08.027317
648,4,BR,True,2024-03-24 10:53:34.663842,2024-08-30 16:40:02.099344
649,9,AU,True,2023-07-06 11:29:43.586362,2025-08-13 17:22:46.163460
650,3,NL,False,2025-04-26 19:10:29.789274,2025-08-15 06:57:58.631492
651,9,ES,False,2023-02-14 01:18:43.197934,2024-11-09 14:43:58.846078
652,7,IN,False,2024-03-16 23:42:13.366000,2025-04-06 10:16:19.688493
653,4,US,True,2023-05-06 20:24:30.750021,2025-08-24 15:39:51.342467
654,3,ES,True,2025-05-31 12:06:27.794888,2025-07-11 00:36:18.379209
655,10,FR,True,2023-11-03 01:24:06.928068,2024-05-18 23:13:01.429425
656,,AR,True,2023-05-05 01:59:55.914833,2024-12-27 12:00:32.490612
657,5,JP,True,2025-01-14 13:10:34.040786,2025-04-21 02:41:56.520831
658,5,FR,True,2024-12-04 14:09:40.453547,2024-12-20 10:15:25.664661
659,3,ES,True,2025-09-07 20:03:01.291847,2025-09-10 13:04:15.280261
660,9,CA,True,2023-09-04 19:03:29.902205,2025-04-29 21:58:35.889812
661,,IN,False,2024-03-29 23:08:23.110862,2025-07-25 17:49:14.523029
662,4,DE,False,2025-01-08 06:14:17.143069,2025-08-23 11:29:08.060160
663,,MX,False,2024-07-27 20:38:48.926316,2024-09-29 10:21:39.387807
664,5,ES,True,2025-05-12 01:31:34.224936,2025-08-19 10:06:59.824842
665,,UY,True,2023-07-17 03:35:15.217438,2024-03-24 05:08:43.089689
666,4,IN,True,2024-03-25 02:00:19.246886,2025-05-10 11:58:59.231454
667,5,BR,False,2025-02-28 08:06:10.251437,2025-03-17 21:00:00.718825
668,7,CA,True,2023-11-22 05:38:07.267925,2025-01-01 12:33:55.307503
669,9,AU,False,2025-04-10 07:22:01.371329,2025-04-26 23:45:23.347369
670,7,US,True,2023-11-16 21:25:12.188465,2025-04-17 05:12:21.933507
671,,UY,True,2024-06-04 07:55:08.090545,2025-02-21 02:58:53.429851
672,5,IN,True,2023-12-26 03:46:24.954680,2025-05-25 13:46:02.394167
673,10,IT,True,2025-07-26 18:08:07.648365,2025-08-13 23:22:45.818228
674,10,CA,True,2025-07-11 06:32:42.247775,2025-08-15 20:23:39.647444
675,7,JP,True,2022-09-30 06:05:02.288015,2024-03-18 17:10:07.936951
676,10,IT,False,2025-04-07 07:28:23.557507,2025-07-28 03:09:38.827130
677,5,GB,True,2023-09-19 06:42:39.647808,2024-10-12 04:00:48.593664
678,3,FR,True,2022-09-23 22:28:07.319296,2024-06-12 05:33:15.652441
679,7,DE,True,2025-03-10 08:15:55.883883,2025-07-17 21:59:29.161765
680,2,NL,True,2022-12-11 01:45:12.242976,2024-08-02 04:56:27.705189
681,9,MX,True,2024-03-22 06:05:44.850795,2025-06-15 20:55:42.505215
682,10,ES,True,2023-03-24 23:30:35.089067,2024-12-04 12:14:42.923489
683,10,DE,False,2024-02-15 23:42:06.809690,2025-05-29 07:44:16.248499
684,1,DE,True,2023-10-13 12:48:24.649678,2024-06-26 11:22:54.557907
685,6,AR,True,2023-08-27 02:47:26.101240,2024-12-26 05:21:40.441849
686,7,AR,True,2024-12-26 01:55:35.751959,2025-05-15 23:44:49.391865
687,8,IT,True,2024-03-07 22:08:13.617454,2025-01-24 10:34:50.600285
688,10,FR,False,2025-07-17 01:33:53.236662,2025-09-06 05:22:00.315872
689,9,IN,True,2022-09-16 17:23:43.635563,2023-06-17 18:37:28.461123
690,2,MX,True,2024-05-16 05:14:22.414200,2024-08-28 07:43:35.866879
691,,IT,True,2025-05-22 14:46:08.277890,2025-08-24 14:52:34.842194
692,10,JP,False,2023-06-01 16:05:58.562705,2023-07-10 18:00:45.328717
693,,BR,True,2025-09-01 04:05:48.597659,2025-09-07 06:58:26.471743
694,2,DE,True,2023-03-26 06:22:55.846131,2024-01-26 22:59:56.240517
695,5,JP,True,2025-01-16 12:51:25.678358,2025-07-20 14:15:52.420813
696,,AU,True,2023-03-19 05:09:07.870793,2025-05-08 18:14:40.011274
697,5,MX,True,2024-06-29 12:59:36.222397,2025-09-13 17:40:04.804974
698,6,FR,True,2025-03-21 16:18:19.034470,2025-04-30 13:52:03.287125
699,3,BR,True,2025-05-20 04:39:29.017789,2025-07-10 12:26:43.671740
700,8,UY,True,2022-12-25 19:26:41.701497,2023-05-20 05:46:37.132613
701,1,MX,False,2022-12-24 02:19:30.146717,2024-04-01 20:44:39.485440
702,6,BR,True,2022-10-19 17:52:16.743639,2024-05-29 19:00:57.564566
703,4,ES,False,2024-06-06 12:27:51.454515,2025-08-06 06:35:49.876051
704,1,DE,True,2023-10-09 15:54:23.279781,2024-06-27 11:35:08.957022
705,7,NL,True,2023-10-30 08:34:27.699915,2025-02-03 19:20:16.861761
706,9,MX,True,2022-12-13 18:11:34.582765,2025-04-11 12:39:36.395170
707,4,CA,False,2025-05-21 03:32:44.720880,2025-08-05 09:05:58.293756
708,4,BR,True,2025-05-01 20:25:43.848238,2025-06-20 03:41:54.298020
709,6,CA,True,2024-05-29 06:35:38.768039,2024-06-25 01:38:31.238900
710,3,MX,True,2024-05-01 01:06:42.249026,2024-05-07 18:36:31.065242
711,6,FR,True,2024-01-06 13:58:14.799240,2024-07-13 21:51:50.256680
712,7,MX,False,2024-06-05 11:18:01.593316,2025-01-25 13:29:22.616149
713,10,AU,True,2023-02-05 19:20:37.950907,2024-03-11 07:45:28.019823
714,10,IN,False,2024-08-08 23:50:10.673175,2025-08-02 22:02:37.102883
715,,JP,False,2023-10-10 23:19:49.957774,2024-04-05 01:31:08.410018
716,3,MX,True,2024-07-19 21:40:20.601524,2025-06-19 23:43:47.996061
717,7,AU,False,2025-05-22 16:08:49.709108,2025-07-10 09:55:05.161624
718,3,BR,True,2025-07-21 21:11:29.976599,2025-09-03 13:21:02.049687
719,,NL,True,2022-12-30 22:45:34.414448,2024-08-28 03:19:20.038043
720,2,IT,True,2022-10-30 04:21:42.211057,2022-11-29 22:41:17.547760
721,10,US,True,2022-12-20 06:31:59.839775,2024-04-19 02:33:15.745550
722,4,AU,True,2024-05-21 13:45:32.849559,2024-08-20 08:24:35.238937
723,8,FR,True,2022-11-07 19:34:21.004393,2023-01-30 18:46:12.883039
724,9,JP,True,2025-02-07 17:40:42.287279,2025-02-10 05:25:29.741238
725,7,UY,False,2023-09-19 12:38:03.877128,2025-07-15 22:06:32.397512
726,1,UY,True,2024-09-03 15:07:54.874088,2024-12-23 02:54:55.320935
727,,BR,True,2024-06-11 15:25:08.350833,2025-09-04 20:26:51.794067
728,3,CA,True,2024-11-28 00:12:22.775618,2025-07-21 17:36:44.949096
729,9,GB,False,2024-06-13 08:11:26.735856,2024-12-09 16:42:46.746381
730,1,MX,True,2023-09-07 18:33:27.015754,2025-06-20 04:13:45.468442
731,9,UY,False,2023-11-15 12:36:34.834980,2025-07-18 10:50:34.271679
732,,AR,True,2025-08-25 23:34:09.492930,2025-09-06 09:22:36.402071
733,8,AR,False,2023-07-14 05:56:40.322804,2023-11-17 20:13:56.578127
734,1,UY,True,2025-06-30 03:03:08.354210,2025-07-16 06:36:14.309099
735,6,CA,False,2025-04-02 10:26:17.704704,2025-04-03 07:52:21.321034
736,,IT,True,2025-07-08 09:52:03.210279,2025-07-22 21:57:21.648380
737,5,FR,False,2024-11-29 10:36:36.198908,2025-08-27 19:17:28.341823
738,6,NL,False,2025-05-24 06:37:05.856770,2025-07-29 15:48:53.334120
739,10,DE,False,2023-10-03 13:04:24.663199,2025-03-03 17:47:15.506068
740,,BR,True,2025-03-07 22:59:54.870979,2025-06-04 23:54:46.258658
741,,MX,True,2025-02-19 14:24:37.671123,2025-06-25 01:35:49.396029
742,5,DE,True,2023-05-30 07:15:09.588490,2024-01-21 11:36:04.808957
743,6,CA,True,2022-12-10 05:20:19.246202,2024-12-09 16:26:08.183762
744,5,DE,True,2024-08-09 08:17:51.833316,2025-07-21 06:31:01.172453
745,5,IN,True,2023-04-13 10:08:03.725492,2025-05-17 03:12:05.181892
746,,GB,True,2025-07-02 00:10:29.264652,2025-08-26 08:04:52.738250
747,4,DE,True,2025-04-14 08:00:11.218940,2025-04-29 07:02:23.662236
748,3,US,False,2023-09-28 07:39:17.534132,2025-03-25 16:40:53.917907
749,3,JP,True,2023-11-12 14:36:27.636973,2024-09-28 17:25:06.693045
750,4,IT,True,2024-11-24 15:19:19.430989,2025-06-05 15:44:06.914689
751,9,AU,True,2023-05-27 08:48:11.061432,2025-02-12 20:39:20.361705
752,2,AU,True,2023-02-07 15:49:47.390776,2025-01-07 02:31:50.255574
753,9,IN,True,2025-05-25 00:51:31.563815,2025-06-19 14:55:32.299083
754,1,UY,False,2023-12-27 04:23:12.548976,2024-08-04 21:50:18.620290
755,1,GB,True,2025-05-03 00:50:11.074914,2025-05-04 00:24:08.354751
756,5,FR,False,2023-11-02 00:35:11.498826,2024-04-07 05:46:55.933119
757,6,DE,True,2024-10-06 18:23:34.667669,2025-02-19 21:33:04.793876
758,6,IT,True,2023-04-21 19:30:36.168805,2024-02-13 22:37:21.414174
759,3,UY,True,2023-07-17 19:51:55.596405,2025-08-01 22:16:59.459796
760,7,AU,True,2023-06-28 13:47:27.876785,2024-10-24 17:09:07.383245
761,,AU,True,2023-04-23 23:52:56.946662,2023-11-14 06:42:41.695816
762,9,GB,False,2024-03-20 14:31:06.802030,2024-05-23 21:42:41.515096
763,10,FR,True,2024-07-09 04:22:58.592346,2024-12-09 06:00:46.171399
764,8,US,True,2024-03-31 23:20:02.820152,2025-01-09 19:59:20.871512
765,,BR,False,2023-08-24 03:53:22.226791,2025-07-04 06:30:04.456230
766,6,FR,True,2025-07-06 08:22:22.930815,2025-08-17 08:14:39.779898
767,,AU,True,2023-10-16 16:04:26.273656,2024-06-05 20:40:02.880042
768,8,GB,True,2022-09-18 07:43:48.656214,2023-07-25 09:26:31.241566
769,,US,True,2025-06-01 17:44:57.032106,2025-09-11 14:18:23.377835
770,5,ES,True,2025-04-13 17:30:36.534777,2025-07-31 12:50:49.648383
771,8,AU,True,2025-05-01 14:00:41.772176,2025-09-11 10:58:04.395872
772,,IN,True,2023-06-05 16:35:40.923805,2025-07-03 05:54:28.983861
773,10,BR,True,2023-09-01 05:39:02.464125,2024-03-25 12:25:29.415792
774,4,FR,True,2022-11-24 17:09:06.561534,2023-11-30 07:18:31.777215
775,10,US,True,2023-02-12 07:04:09.900970,2024-04-09 06:30:56.912709
776,,UY,True,2022-12-06 18:10:41.320141,2023-02-17 00:25:35.926944
777,8,DE,True,2025-07-23 06:41:30.839670,2025-09-14 16:44:06.923945
778,10,MX,True,2024-12-28 12:56:30.877491,2025-02-06 03:34:32.251260
779,2,UY,True,2023-01-08 00:35:56.409542,2024-03-23 02:57:08.077605
780,5,UY,False,2024-10-05 00:14:25.490784,2024-12-02 03:56:16.074089
781,9,AU,True,2024-10-08 19:20:46.332244,2025-04-17 17:31:07.663703
782,,AR,True,2025-09-05 14:28:15.290285,2025-09-06 23:18:59.923282
783,4,NL,True,2025-09-07 06:28:18.730851,2025-09-07 06:42:51.247046
784,6,BR,True,2023-11-17 21:24:23.639434,2025-01-30 04:53:19.254521
785,,CA,True,2022-12-04 09:45:36.117016,2024-04-15 09:29:25.308280
786,1,IN,True,2023-11-17 06:16:09.599922,2025-01-15 02:49:43.690811
787,9,BR,False,2025-08-06 01:37:15.542249,2025-08-10 06:30:08.021796
788,1,BR,True,2022-11-13 05:40:21.883723,2024-03-22 12:13:40.722504
789,,GB,True,2023-07-10 10:58:25.226748,2024-03-08 08:01:10.425503
790,5,IT,True,2022-10-17 21:54:20.877708,2024-09-10 01:14:35.313571
791,4,US,False,2025-07-26 23:06:47.599618,2025-08-27 14:52:11.737672
792,3,IT,True,2024-10-11 15:35:54.556072,2025-06-07 08:13:56.396710
793,6,MX,True,2023-12-12 02:58:35.237056,2025-09-14 17:45:35.807913
794,,US,True,2024-06-04 14:50:44.240386,2025-07-31 12:42:30.032793
795,2,BR,True,2023-01-30 08:19:16.777906,2024-12-20 07:33:27.351954
796,3,DE,True,2023-07-23 17:49:19.945146,2024-02-08 17:41:19.173641
797,5,AR,True,2023-01-14 00:55:04.753304,2024-07-13 22:46:04.921537
798,,IT,True,2025-02-07 22:29:30.039639,2025-08-18 18:55:32.433707
799,9,FR,True,2025-03-13 14:10:14.491243,2025-05-14 23:33:57.935873
800,2,AU,False,2023-06-16 06:20:08.495769,2024-03-14 12:54:44.378752
801,10,CA,True,2023-01-16 09:53:54.786423,2025-03-11 02:00:41.896889
802,8,UY,False,2024-06-09 05:19:01.921331,2025-09-08 22:38:43.197443
803,2,AU,True,2022-09-22 12:44:40.688445,2023-06-17 18:26:43.707199
804,5,FR,True,2023-04-05 02:24:22.951781,2025-05-15 14:59:26.060279
805,,JP,True,2022-12-17 13:02:23.077411,2024-10-09 15:23:15.282095
806,7,IN,True,2023-06-23 12:39:52.077847,2023-07-28 02:43:25.930000
807,8,JP,True,2025-02-22 22:11:45.366916,2025-04-17 07:32:19.489931
808,1,BR,True,2025-06-05 14:37:13.773541,2025-09-12 04:57:09.433597
809,6,JP,True,2024-01-15 10:52:32.780387,2025-05-04 23:12:16.526809
810,1,IN,True,2023-03-16 18:20:28.225818,2024-09-25 10:58:51.243730
811,,DE,True,2024-05-13 08:54:33.444769,2025-07-31 21:56:50.552419
812,2,FR,True,2023-07-24 17:01:07.861364,2024-05-13 13:22:47.103831
813,1,AR,False,2025-05-29 15:48:14.209596,2025-08-05 07:14:22.849970
814,5,AR,True,2025-08-27 21:28:24.513462,2025-09-09 18:41:12.541825
815,10,AU,True,2023-09-22 01:09:28.675341,2024-03-25 15:50:00.028589
816,9,GB,True,2022-11-02 17:16:30.977069,2023-11-15 02:13:28.299084
817,6,MX,True,2023-12-18 14:47:13.430756,2025-03-05 08:57:08.506315
818,1,BR,True,2024-12-14 23:39:01.074713,2025-01-24 21:48:05.978752
819,,UY,True,2023-09-27 03:15:04.742946,2024-08-10 15:42:26.446825
820,1,MX,False,2023-07-08 07:24:56.624090,2024-01-31 03:42:02.022428
821,2,ES,False,2025-02-22 19:17:26.128130,2025-06-04 20:24:50.549104
822,,MX,True,2024-05-30 18:33:39.036782,2025-04-08 17:05:27.430253
823,9,NL,False,2023-01-30 19:02:39.398527,2023-09-13 11:26:57.379770
824,3,ES,True,2025-07-13 01:56:56.654090,2025-08-12 08:08:28.874055
825,1,CA,True,2024-05-03 16:34:38.689594,2024-08-28 03:32:22.400400
826,5,ES,False,2023-01-04 04:34:01.968808,2024-01-10 16:30:06.326882
827,7,ES,False,2023-06-11 14:43:12.377817,2024-07-03 11:08:59.602374
828,6,BR,True,2025-04-22 17:36:12.074150,2025-07-18 20:44:09.895509
829,1,IT,True,2024-03-31 20:16:39.568803,2025-07-25 13:00:41.100623
830,,US,True,2023-07-31 06:34:06.688202,2024-09-10 23:50:38.829209
831,5,IT,False,2024-07-03 03:26:30.922247,2025-08-27 05:18:07.117982
832,5,BR,True,2025-03-13 01:47:06.960666,2025-06-02 07:10:01.934972
833,6,AR,True,2024-05-24 15:14:13.937652,2024-06-11 15:30:30.164001
834,3,AU,True,2023-11-21 02:34:12.014589,2024-12-16 07:46:07.082379
835,5,ES,True,2024-10-05 00:41:43.536179,2025-04-17 10:19:56.596241
836,,ES,True,2023-08-02 08:43:49.476661,2024-06-12 02:37:55.420407
837,7,FR,True,2025-07-14 09:14:15.746867,2025-09-09 19:29:05.528553
838,5,ES,True,2023-01-15 00:41:10.710293,2025-08-11 22:24:17.473217
839,5,AU,False,2025-05-13 03:42:27.002824,2025-06-14 11:42:27.753302
840,,AR,True,2023-02-23 06:46:24.467969,2025-08-05 20:21:31.718558
841,,AU,False,2023-03-15 03:57:28.723370,2025-08-10 19:56:01.522675
842,5,DE,True,2024-06-15 20:41:41.866896,2025-05-31 07:39:57.665632
843,,MX,True,2023-08-28 08:37:29.980293,2024-04-07 02:55:21.687665
844,10,ES,True,2024-11-28 19:20:01.109740,2025-05-25 05:32:15.448118
845,10,AU,True,2025-01-10 20:41:02.006552,2025-08-04 13:58:29.137484
846,,AU,False,2023-05-02 23:09:05.550736,2024-11-09 22:21:51.481982
847,3,NL,True,2025-01-11 00:29:03.280682,2025-06-08 06:23:26.321093
848,1,MX,True,2025-06-14 22:47:13.604407,2025-09-01 01:08:29.414650
849,5,US,False,2023-12-11 11:48:21.934989,2024-02-17 01:30:11.284921
850,9,IN,True,2025-06-07 03:46:13.413152,2025-09-02 05:58:18.321554
851,,GB,False,2025-01-27 00:06:16.547843,2025-07-09 09:30:50.146916
852,,BR,True,2025-03-13 02:29:40.111381,2025-06-05 19:41:45.966655
853,1,AR,True,2025-05-05 03:19:22.084916,2025-07-27 14:38:34.688467
854,3,GB,True,2023-02-10 10:41:06.652858,2024-08-25 11:02:48.936480
855,4,IT,True,2022-10-15 19:01:25.957883,2023-03-11 01:28:44.621923
856,1,CA,True,2023-09-19 21:05:32.017131,2025-04-13 07:42:52.422295
857,1,AU,False,2023-11-23 17:48:56.486210,2024-11-22 22:00:08.672177
858,,US,True,2025-05-20 10:37:29.177796,2025-05-31 07:53:45.600398
859,8,NL,True,2023-10-10 02:56:08.291194,2025-01-10 09:01:47.719374
860,2,MX,True,2023-12-27 22:16:52.582547,2025-03-21 17:19:11.732898
861,8,IN,True,2024-12-21 06:03:15.839493,2025-08-02 23:37:52.507333
862,7,AR,True,2024-01-29 00:08:22.719806,2025-03-08 03:07:34.814775
863,,UY,False,2025-08-14 12:38:13.499177,2025-09-09 22:09:31.560784
864,10,AR,True,2025-03-19 04:38:07.292930,2025-05-08 06:30:05.923754
865,10,CA,True,2023-01-11 07:48:37.599692,2025-07-15 19:03:38.388138
866,2,UY,True,2025-03-07 09:51:10.282183,2025-07-18 07:43:31.905671
867,6,AU,True,2025-01-24 07:39:31.909647,2025-07-03 13:13:55.102091
868,6,FR,False,2023-09-06 02:12:21.035633,2025-05-21 07:53:04.391927
869,3,DE,True,2022-12-06 17:50:32.968815,2023-02-23 13:10:42.953018
870,2,IN,True,2025-03-01 15:20:33.991673,2025-06-30 23:55:41.292291
871,,IT,True,2024-10-16 06:21:16.936649,2025-03-17 00:51:15.011095
872,1,IN,False,2024-03-01 16:58:40.369355,2024-08-31 19:27:02.260995
873,6,IN,True,2025-01-06 11:15:03.816499,2025-09-06 20:18:12.272045
874,5,MX,True,2022-09-20 14:47:43.269683,2022-12-14 05:10:38.817895
875,9,FR,True,2024-10-23 12:28:07.997931,2025-07-05 05:29:57.960345
876,1,AR,True,2023-07-06 04:54:59.317724,2025-05-15 01:53:12.050098
877,7,IT,True,2023-02-03 11:41:37.533160,2023-05-07 23:12:25.185389
878,,JP,True,2024-08-26 15:38:05.155999,2025-08-30 03:29:01.013734
879,5,JP,True,2022-12-17 22:01:43.358585,2025-05-12 10:37:19.399903
880,,FR,True,2024-12-17 12:45:33.330877,2025-05-14 12:38:16.418076
881,5,DE,True,2023-06-05 05:41:23.087609,2023-10-21 03:18:02.429093
882,2,GB,True,2024-08-08 03:07:35.506744,2024-10-21 06:45:45.333744
883,3,BR,True,2024-08-09 22:35:26.760842,2025-03-02 00:52:39.996845
884,7,DE,True,2024-12-31 07:29:01.422130,2025-07-13 14:30:26.597612
885,6,DE,True,2023-04-03 03:50:16.117079,2023-06-24 18:41:44.736520
886,2,GB,True,2025-05-07 19:52:26.926343,2025-08-09 16:06:37.019049
887,6,ES,False,2023-08-23 03:00:02.616114,2025-05-20 13:03:00.205775
888,2,DE,True,2024-10-27 06:02:04.197773,2025-08-25 00:58:08.094798
889,2,NL,True,2023-09-21 04:33:41.357542,2025-02-01 11:45:58.403480
890,2,US,True,2024-01-03 04:54:33.652262,2024-10-06 13:19:47.524038
891,3,IT,True,2023-04-04 12:32:35.906952,2023-04-27 12:19:38.111694
892,2,IN,True,2022-11-12 22:17:22.205124,2023-01-16 20:58:10.090962
893,4,JP,True,2023-06-13 07:10:12.727564,2025-08-23 22:10:31.225695
894,9,UY,False,2022-12-27 13:33:14.378471,2024-08-13 08:46:06.308731
895,,NL,True,2023-03-21 22:22:37.182176,2024-03-01 17:56:14.081404
896,6,DE,True,2022-10-01 06:59:09.256813,2023-12-31 22:44:29.835002
897,1,DE,True,2025-06-11 19:05:18.969135,2025-08-28 03:14:26.233544
898,8,IN,True,2023-09-04 06:06:23.088149,2025-07-09 03:02:19.160398
899,7,FR,True,2022-12-30 07:32:48.926526,2024-01-02 08:32:35.274224
900,10,AU,True,2024-11-12 08:30:22.898067,2025-01-10 12:44:08.749226
901,3,ES,True,2024-09-24 15:35:53.710286,2025-01-20 16:58:09.852683
902,1,IN,True,2024-10-28 15:27:36.349522,2025-01-27 03:24:54.588387
903,5,JP,True,2024-08-17 14:38:39.346756,2025-04-04 23:46:34.748352
904,,IN,True,2024-12-07 17:43:47.123590,2025-05-09 14:36:53.210996
905,,IT,False,2023-08-18 17:50:44.261263,2025-03-27 15:19:12.235119
906,4,MX,True,2022-11-05 01:51:15.931048,2024-12-06 08:25:06.273540
907,10,IN,True,2023-10-30 03:45:33.975950,2025-07-28 18:29:22.617708
908,,MX,True,2025-05-09 02:35:51.461945,2025-08-22 07:17:23.714225
909,8,JP,False,2025-06-07 07:51:52.198802,2025-07-15 19:11:52.294007
910,1,AR,True,2023-05-21 01:44:00.977923,2025-08-05 13:28:10.615907
911,10,UY,True,2025-08-17 13:14:30.723683,2025-08-17 16:51:36.924206
912,1,NL,True,2024-04-29 19:02:19.924082,2025-03-28 13:39:30.045679
913,4,US,True,2024-01-27 22:57:07.518046,2025-02-14 23:51:22.150335
914,,MX,True,2023-04-05 12:23:33.454916,2023-10-21 05:03:27.064967
915,8,AR,True,2024-12-22 10:38:06.984828,2025-09-05 13:46:09.761467
916,5,JP,False,2022-11-05 03:58:59.379622,2025-06-26 12:55:07.033364
917,2,DE,True,2024-11-18 08:43:08.079020,2025-04-03 16:44:46.433016
918,6,AU,True,2022-11-12 21:02:35.957542,2024-12-23 02:11:00.473934
919,5,IN,True,2024-06-02 18:14:07.059262,2025-03-18 23:46:46.626718
920,2,ES,False,2025-04-21 18:34:53.669677,2025-06-02 03:53:43.388361
921,3,UY,True,2023-07-15 01:54:06.481920,2024-03-11 12:06:32.901781
922,,NL,True,2023-10-09 13:39:18.053979,2025-08-14 13:48:21.249487
923,9,MX,False,2023-08-20 13:50:25.868071,2025-07-21 01:34:08.403662
924,,AU,True,2023-09-17 01:13:28.050182,2024-10-25 07:22:50.276245
925,,BR,True,2023-01-27 18:46:42.944685,2024-08-23 22:07:03.728301
926,7,AU,True,2024-08-01 04:24:58.158389,2024-10-26 18:18:51.837858
927,7,AU,True,2022-09-22 14:31:17.725210,2022-10-25 13:07:28.874691
928,6,JP,True,2025-06-14 09:53:43.771620,2025-08-15 13:15:36.631294
929,8,GB,True,2023-07-07 01:52:04.673310,2024-09-22 02:42:22.070548
930,4,NL,True,2024-04-29 14:15:22.635718,2024-12-19 18:21:47.187382
931,8,MX,True,2025-05-16 18:04:54.587542,2025-06-16 22:38:50.050390
932,4,IN,True,2025-08-10 05:37:58.980978,2025-09-09 20:06:30.402897
933,8,MX,True,2024-08-19 13:56:49.637424,2024-10-30 00:33:14.545346
934,9,US,True,2022-12-18 19:06:15.296856,2025-09-06 02:12:23.422231
935,3,UY,True,2023-03-22 19:48:08.308919,2023-10-03 15:05:56.228145
936,,MX,True,2023-06-04 09:22:48.889725,2023-08-14 10:56:31.214247
937,3,ES,True,2025-05-30 19:04:00.894664,2025-09-03 09:21:41.680546
938,2,FR,True,2023-06-23 03:07:05.723944,2024-10-17 11:49:47.820364
939,10,MX,True,2025-07-02 07:40:33.632890,2025-07-03 19:30:51.335664
940,3,US,True,2022-10-01 16:08:57.367314,2023-12-26 02:20:03.421402
941,,AR,True,2024-01-07 07:02:22.931313,2025-07-31 16:42:47.652899
942,3,JP,True,2023-03-03 22:45:36.843720,2024-07-24 22:46:50.353178
943,5,BR,False,2022-12-14 13:54:30.701481,2024-07-19 16:27:59.341389
944,5,FR,True,2023-12-17 20:34:34.766168,2025-07-31 22:11:23.479566
945,2,BR,False,2025-05-11 00:36:37.658287,2025-06-02 19:29:33.237575
946,10,DE,True,2023-07-16 04:16:53.928060,2025-08-26 13:19:25.353422
947,6,US,True,2022-12-04 12:43:35.516047,2025-07-08 22:07:43.475530
948,5,ES,False,2023-12-09 12:07:49.476822,2025-05-06 21:30:32.233718
949,6,MX,True,2025-06-16 16:44:24.714737,2025-09-11 22:36:20.059525
950,1,MX,True,2025-08-02 03:13:34.225194,2025-09-07 21:12:54.295294
951,,GB,True,2025-08-02 12:08:33.567269,2025-08-19 06:56:02.524833
952,5,FR,True,2025-05-09 23:53:46.481314,2025-08-03 23:45:31.830782
953,9,CA,True,2023-04-05 12:25:58.460261,2025-07-15 00:54:54.072912
954,10,AU,True,2022-10-04 09:05:25.023456,2023-09-25 14:30:56.541498
955,2,IN,True,2023-09-30 05:57:03.105919,2024-01-03 21:08:55.017569
956,1,AR,True,2025-01-21 09:26:03.421899,2025-09-02 17:43:50.731977
957,10,AU,True,2023-06-11 13:49:55.062823,2023-09-28 08:11:15.449744
958,9,IT,True,2023-10-10 01:04:18.855268,2024-07-26 06:35:14.647424
959,10,FR,True,2023-08-05 14:55:30.443120,2023-12-12 02:41:01.118096
960,9,DE,True,2022-11-17 13:55:31.533715,2023-04-13 13:36:31.751352
961,9,IN,True,2025-07-26 13:28:09.444025,2025-09-13 16:37:46.408832
962,6,IN,True,2022-12-25 19:16:22.856495,2023-01-22 09:18:58.339732
963,8,NL,True,2024-01-27 00:08:58.914679,2025-03-27 12:34:14.163384
964,1,DE,True,2023-01-29 01:54:44.728006,2023-05-14 04:18:09.679370
965,10,DE,True,2024-07-12 02:19:54.687552,2024-07-19 07:58:59.102051
966,4,IT,False,2024-07-29 23:28:29.749767,2024-10-08 04:58:33.880363
967,1,US,True,2022-12-08 20:30:10.535039,2024-03-22 04:58:00.594970
968,8,IN,True,2025-06-14 14:05:51.912400,2025-06-30 14:47:15.878459
969,,ES,True,2023-06-03 19:54:28.493188,2023-11-26 07:09:37.022961
970,1,MX,True,2025-03-01 17:38:07.090867,2025-06-16 22:47:09.451350
971,,GB,True,2023-08-15 09:23:12.049404,2025-05-30 03:38:47.839479
972,3,BR,True,2022-09-26 17:08:11.016953,2022-10-13 04:57:25.266137
973,4,NL,True,2025-01-29 06:10:50.586287,2025-02-20 04:14:03.046790
974,8,IT,True,2023-09-28 01:51:50.811032,2023-11-29 08:26:47.301494
975,6,NL,True,2025-02-22 08:50:12.205630,2025-07-07 06:38:23.956240
976,10,CA,True,2024-12-22 04:37:45.736136,2025-03-22 01:43:25.632130
977,7,FR,False,2024-07-30 21:27:38.591779,2025-04-10 01:08:11.601790
978,8,JP,True,2024-06-20 15:33:26.402611,2024-12-22 05:27:35.632099
979,2,IN,True,2025-05-22 11:37:48.125466,2025-08-19 15:54:27.089843
980,10,JP,False,2024-10-21 21:50:56.801155,2025-04-13 07:45:43.062655
981,8,US,False,2022-11-01 19:41:01.932255,2023-09-09 03:40:28.555940
982,3,AR,True,2025-07-13 20:37:52.533402,2025-07-28 06:27:02.408119
983,7,GB,False,2024-12-17 06:52:35.007753,2025-03-23 22:59:04.846573
984,3,JP,True,2024-07-18 20:48:51.132278,2024-09-17 19:07:32.750499
985,7,AR,True,2024-06-03 13:14:50.968533,2024-07-24 17:48:11.856756
986,2,DE,True,2023-07-18 05:46:24.190240,2025-01-24 14:44:20.301114
987,10,AR,True,2024-01-27 15:15:39.597119,2025-05-21 00:32:03.835701
988,6,FR,True,2024-11-28 13:56:14.056041,2025-05-21 13:57:38.061423
989,3,DE,True,2022-10-30 15:47:49.584268,2025-01-07 21:40:30.452585
990,3,CA,True,2024-05-05 19:52:57.316099,2024-10-23 06:27:09.116380
991,9,NL,False,2024-04-09 10:00:51.948857,2024-10-22 01:03:55.819741
992,,GB,True,2023-09-22 01:08:05.575812,2024-06-09 18:37:14.134471
993,7,IN,True,2024-02-12 02:26:32.936272,2025-01-14 00:20:21.462219
994,,AR,False,2023-06-11 15:29:20.536399,2023-10-20 09:19:30.527390
995,5,DE,True,2024-04-07 08:31:00.369033,2025-02-24 02:31:21.068040
996,10,AR,True,2024-09-23 17:10:34.495858,2025-08-18 10:08:55.483663
997,7,IN,False,2023-05-01 02:49:15.973062,2024-01-10 01:47:56.522322
998,9,CA,True,2023-11-08 06:06:35.343705,2024-09-08 17:59:43.841197
999,1,GB,True,2023-11-20 15:12:13.606873,2025-03-16 00:42:20.097784
1000,7,GB,False,2023-11-12 14:38:27.755981,2025-01-27 09:47:54.464450
