id,timestamp,player_id,type,amount
7,2024-04-16 19:27:32.000000,3,Withdraw,291.94
8,2024-09-05 07:53:23.000000,7,Withdraw,612.24
9,2024-10-13 00:24:33.000000,8,Withdraw,140.35
10,2025-09-11 00:46:11.918842,111,Withdraw,211.41
11,2025-08-17 04:43:53.224936,664,Deposit,538.17
12,2025-08-13 02:44:34.634735,270,Withdraw,255.63
13,2024-05-16 07:05:26.047270,487,Withdraw,420.21
14,2023-04-18 16:19:23.141371,144,Deposit,257.56
15,2025-06-19 02:14:41.461005,286,Withdraw,278.65
16,2025-08-16 16:21:01.591195,44,Deposit,286.86
17,2025-06-27 13:40:44.607485,460,Withdraw,289.61
18,2024-04-14 15:19:40.101240,685,Withdraw,200.08
19,2024-05-03 08:39:21.806542,635,Withdraw,553.83
20,2023-12-09 06:03:32.069517,399,Deposit,292.24
21,2024-08-31 14:43:06.554343,393,Withdraw,915.12
22,2024-10-23 20:50:41.481920,921,Withdraw,628.42
23,2024-08-24 11:09:08.539598,534,Withdraw,159.32
24,2025-03-09 19:57:43.422130,884,Withdraw,221.84
25,2025-08-23 19:46:17.839670,777,Withdraw,171.53
26,2024-04-28 16:58:48.276560,549,Deposit,200.41
27,2023-12-07 00:17:13.168805,758,Withdraw,150.31
28,2025-02-15 09:57:44.352778,179,Withdraw,155.05
29,2024-12-07 00:08:59.910977,304,Withdraw,143.31
30,2023-11-17 20:29:16.559357,287,Withdraw,866.96
31,2025-04-07 20:37:17.876652,281,Withdraw,548.46
32,2025-07-30 20:14:36.240398,575,Withdraw,768.03
33,2024-03-15 06:20:37.000000,4,Withdraw,140.96
34,2025-03-23 22:21:42.294560,158,Withdraw,193.69
35,2025-02-02 01:25:34.618546,615,Withdraw,371.01
36,2024-07-18 08:35:36.249026,710,Withdraw,617.07
37,2024-01-12 15:52:20.652262,890,Withdraw,292.59
38,2024-03-07 04:37:36.930049,532,Withdraw,468.28
39,2023-06-30 03:59:36.688445,803,Withdraw,177.27
40,2024-10-15 00:48:39.294560,158,Withdraw,363.41
41,2025-01-11 18:47:56.898067,900,Deposit,267.53
42,2023-11-27 07:12:23.988848,149,Deposit,275.84
43,2024-08-02 02:41:32.000000,1,Withdraw,309.78
44,2023-08-24 13:00:34.069517,399,Withdraw,156.44
45,2024-10-07 17:10:37.412672,182,Deposit,623.92
46,2025-06-26 08:14:15.565187,326,Withdraw,149.58
47,2025-08-24 18:05:27.839493,861,Withdraw,249.01
48,2022-12-14 13:00:38.867018,328,Withdraw,151.79
49,2025-07-21 02:26:30.730943,224,Withdraw,180.56
50,2023-05-19 01:35:38.410977,220,Withdraw,438.81
51,2024-08-29 13:27:19.882176,400,Withdraw,166.9
52,2025-07-27 19:42:19.984709,408,Withdraw,397.05
53,2023-10-10 11:22:11.242976,680,Withdraw,235.54
54,2024-11-27 00:45:12.667669,757,Withdraw,160.31
55,2025-05-10 17:06:44.839775,721,Withdraw,459.61
56,2024-10-28 10:16:03.010791,295,Withdraw,234.52
57,2024-10-16 05:30:33.204259,468,Deposit,986.49
58,2024-01-27 18:07:16.015754,730,Deposit,225.82
59,2025-06-22 21:02:31.876732,628,Withdraw,383.25
60,2025-07-08 23:48:46.848238,708,Withdraw,471.93
61,2025-01-11 06:48:27.914679,963,Deposit,425.49
62,2024-11-09 03:33:24.429435,337,Withdraw,429.28
63,2025-08-10 19:40:06.741162,359,Withdraw,172.3
64,2024-09-22 06:40:25.000000,6,Deposit,188.38
65,2025-07-28 02:29:25.048155,103,Withdraw,273.27
66,2025-01-22 01:24:10.879329,174,Withdraw,208.42
67,2025-07-29 12:06:45.557479,58,Withdraw,229.7
68,2025-04-23 18:35:50.420569,365,Deposit,248.25
69,2025-07-20 06:48:19.032106,769,Withdraw,225.16
70,2024-06-10 17:43:40.719806,862,Withdraw,316.12
71,2023-09-04 10:11:04.028030,31,Withdraw,243.96
72,2024-06-04 05:48:09.568803,829,Withdraw,219.03
73,2023-02-19 10:15:29.925016,614,Withdraw,276.62
74,2025-08-14 14:19:14.032106,769,Withdraw,186.82
75,2025-09-14 21:55:28.575941,51,Withdraw,162.38
76,2025-03-10 00:54:55.951781,804,Deposit,212.84
77,2025-01-31 05:05:37.789685,234,Withdraw,213.41
78,2024-11-29 01:26:44.399041,551,Withdraw,172.83
79,2025-04-14 14:30:24.320141,776,Withdraw,314.2
80,2025-08-10 18:17:28.122457,586,Deposit,543.79
81,2025-03-28 04:16:45.070367,516,Withdraw,1232.9
82,2025-07-13 09:32:08.514225,541,Withdraw,207.24
83,2024-12-30 16:06:59.821765,506,Withdraw,385.23
84,2024-11-16 07:54:35.305457,320,Deposit,181.19
85,2025-02-14 00:57:52.749521,642,Withdraw,262.61
86,2025-03-16 14:44:26.294560,158,Deposit,449.93
87,2025-06-02 15:07:36.130183,207,Withdraw,225.7
88,2025-02-04 23:52:28.943203,274,Withdraw,306.72
89,2024-09-13 07:19:15.274120,19,Deposit,427.28
90,2025-02-22 00:46:59.867018,328,Deposit,259.92
91,2025-09-13 06:14:19.387544,403,Withdraw,370.59
92,2025-09-14 17:27:54.027713,171,Withdraw,142.21
93,2025-06-26 15:49:12.332244,781,Withdraw,353.12
94,2025-08-22 08:44:01.560977,360,Withdraw,366.69
95,2025-02-05 08:47:37.349914,351,Withdraw,216.35
96,2024-08-25 04:53:19.727552,14,Withdraw,715.28
97,2024-09-05 23:35:48.242976,680,Withdraw,186.43
98,2025-03-14 08:26:14.028030,31,Withdraw,251.58
99,2024-11-17 21:16:50.715681,373,Withdraw,311.79
100,2024-01-26 02:15:58.853086,276,Withdraw,298.84
101,2025-03-23 22:55:51.148339,267,Withdraw,310.16
102,2023-12-23 22:02:56.320141,776,Deposit,373.1
103,2025-06-16 21:15:04.084916,853,Deposit,624.2
104,2025-05-21 00:38:29.976203,440,Deposit,591.84
105,2025-08-09 19:32:52.479310,175,Deposit,600.34
106,2025-07-09 02:10:45.094600,168,Withdraw,169.79
107,2025-09-02 07:47:50.563815,753,Withdraw,224.44
108,2024-09-02 21:33:15.305832,70,Deposit,380.03
109,2025-03-09 00:04:56.420569,365,Deposit,470.36
110,2025-05-02 16:48:08.914679,963,Withdraw,247.89
111,2025-09-08 13:16:29.930815,766,Withdraw,894.05
112,2023-02-17 02:22:44.900970,775,Withdraw,177.11
113,2025-07-30 08:52:30.000000,1,Withdraw,507.1
114,2024-05-03 13:57:09.701497,700,Withdraw,186.44
115,2025-09-09 01:00:45.036782,822,Withdraw,225.84
116,2024-05-03 03:54:29.866666,384,Deposit,213.49
117,2025-02-12 16:40:48.844750,533,Withdraw,419.03
118,2024-10-02 04:44:28.688202,830,Withdraw,213.03
119,2024-09-16 23:55:54.799240,711,Withdraw,236.35
120,2024-05-12 19:30:48.061432,751,Withdraw,594.31
121,2025-09-12 06:57:08.590684,479,Withdraw,252.82
122,2025-08-17 21:08:52.309864,583,Withdraw,380.75
123,2025-04-24 16:21:12.750021,653,Withdraw,299.21
124,2025-07-14 00:26:12.928060,946,Withdraw,167.33
125,2025-06-13 01:14:19.074150,828,Withdraw,295.14
126,2025-02-04 19:03:38.695593,235,Withdraw,237.72
127,2023-06-12 03:50:18.872111,212,Withdraw,221.01
128,2024-11-19 03:52:46.599381,84,Withdraw,198.53
129,2025-05-13 18:18:21.688202,830,Withdraw,142.37
130,2024-11-01 12:20:38.411240,576,Withdraw,270.31
131,2025-04-21 13:37:12.859461,109,Withdraw,250.58
132,2025-06-22 00:46:55.213978,193,Withdraw,236.39
133,2024-08-21 23:31:46.223681,584,Withdraw,277.86
134,2025-09-05 19:23:53.084162,448,Deposit,265.56
135,2025-02-19 14:29:37.460261,953,Deposit,206.78
136,2024-12-20 19:54:39.588557,273,Withdraw,240.17
137,2023-05-28 09:48:18.926526,899,Withdraw,217.37
138,2025-03-05 08:07:21.536179,835,Withdraw,178.08
139,2022-12-24 23:05:55.932317,525,Withdraw,225.39
140,2025-04-22 18:07:56.574470,189,Withdraw,289.77
141,2025-08-29 13:24:38.517842,22,Withdraw,202.68
142,2024-09-13 22:58:12.195198,462,Withdraw,248.69
143,2025-09-13 02:22:24.824896,251,Withdraw,277.62
144,2023-09-28 02:58:38.988848,149,Withdraw,232.18
145,2025-09-12 08:04:02.006552,845,Withdraw,400.94
146,2023-03-12 10:22:13.786423,801,Withdraw,176.14
147,2025-03-05 12:50:41.916028,74,Withdraw,665.76
148,2025-04-25 00:00:32.584268,989,Withdraw,197.22
149,2025-09-05 04:34:34.583954,213,Withdraw,234.59
150,2024-09-02 23:48:08.754720,113,Deposit,834.8
151,2023-12-01 02:30:27.584268,989,Withdraw,366.56
152,2025-08-08 03:27:10.932196,432,Deposit,234.36
153,2024-03-12 03:08:18.187834,390,Deposit,185.18
154,2024-07-09 17:40:28.144834,545,Withdraw,266.76
155,2025-01-01 08:19:20.589700,407,Deposit,159.79
156,2024-09-18 03:27:32.090905,298,Withdraw,291.68
157,2025-07-07 12:06:00.305832,70,Deposit,330.39
158,2025-05-18 17:19:03.055321,331,Deposit,158.85
159,2025-01-15 03:39:00.999092,128,Withdraw,947.39
160,2024-06-12 18:58:19.945747,356,Withdraw,488.45
161,2025-07-24 10:51:36.093905,600,Deposit,731.73
162,2025-08-28 08:26:30.636352,611,Withdraw,338.52
163,2023-11-22 10:49:35.411240,576,Deposit,233.88
164,2025-05-21 13:41:32.000000,8,Withdraw,320.55
165,2024-07-17 15:22:26.710293,838,Deposit,181.95
166,2025-01-15 12:14:34.804562,192,Withdraw,163.58
167,2024-08-02 11:36:17.319296,678,Withdraw,325.37
168,2025-06-18 12:57:02.043483,107,Withdraw,541.74
169,2025-08-30 22:13:51.760842,883,Deposit,215.29
170,2024-08-31 06:44:51.725210,927,Withdraw,453.84
171,2025-03-24 04:02:02.087609,881,Withdraw,300.62
172,2024-12-21 20:05:54.732120,489,Withdraw,459.65
173,2025-03-07 07:03:41.495858,996,Withdraw,234.79
174,2025-08-25 23:09:59.924082,912,Withdraw,221.11
175,2025-05-03 00:45:52.926635,72,Deposit,202.78
176,2025-09-10 02:57:52.636352,611,Withdraw,800.77
177,2024-09-12 20:06:11.418157,452,Withdraw,167.17
178,2024-07-21 04:16:58.357542,889,Deposit,290.16
179,2025-01-23 06:37:41.155368,78,Withdraw,544.92
180,2023-06-06 06:12:52.869946,169,Withdraw,176.18
181,2025-04-01 10:17:31.977935,153,Withdraw,269.31
182,2025-08-08 18:07:24.087728,639,Withdraw,280.42
183,2025-03-09 18:49:07.387020,296,Withdraw,232.72
184,2025-06-20 17:27:39.672166,258,Withdraw,167.01
185,2023-10-24 03:57:17.308850,294,Deposit,238.58
186,2025-08-03 18:38:44.688202,830,Deposit,274.26
187,2023-05-24 22:51:53.141371,144,Deposit,351.52
188,2025-01-30 13:29:43.495858,996,Deposit,143.34
189,2024-12-10 03:03:47.464066,191,Withdraw,275.77
190,2025-06-23 17:29:03.557479,58,Withdraw,294.66
191,2025-04-24 21:37:51.591195,44,Withdraw,285.41
192,2023-07-08 04:59:55.077600,201,Deposit,263.86
193,2025-09-14 17:04:15.015754,730,Deposit,181.62
194,2025-09-08 03:34:27.244189,424,Withdraw,166.5
195,2023-12-11 23:49:50.762378,355,Withdraw,512.71
196,2023-04-05 08:52:00.410977,220,Withdraw,191.96
197,2024-10-01 12:20:25.635718,930,Deposit,336.87
198,2024-12-01 23:55:21.118791,560,Withdraw,293.3
199,2025-05-11 03:32:39.427089,494,Deposit,237.67
200,2024-01-28 04:01:48.223681,584,Withdraw,405.26
201,2025-06-28 01:06:31.414200,690,Withdraw,148.66
202,2024-05-11 05:12:20.598604,451,Withdraw,176.68
203,2025-08-05 07:24:03.599692,865,Withdraw,306.36
204,2025-09-11 21:02:13.533402,982,Withdraw,152.72
205,2025-08-17 05:17:48.914679,963,Deposit,201.32
206,2023-10-02 18:15:33.686918,627,Withdraw,584.81
207,2023-04-18 05:15:03.036950,244,Withdraw,203.46
208,2025-05-09 15:59:47.840440,285,Withdraw,676.75
209,2025-08-10 19:26:14.916028,74,Deposit,336.14
210,2025-07-31 06:08:09.632890,939,Withdraw,166.1
211,2024-11-25 12:14:38.611252,389,Deposit,183.56
212,2023-01-13 18:27:06.319296,678,Withdraw,279.71
213,2025-09-13 22:32:37.681503,574,Withdraw,302.73
214,2025-05-23 06:57:00.093905,600,Deposit,477.22
215,2025-06-19 11:40:55.659623,618,Withdraw,303.52
216,2024-09-16 22:29:06.545312,591,Withdraw,315.75
217,2025-04-30 12:08:30.584932,555,Withdraw,160.29
218,2024-12-01 13:04:46.197773,888,Withdraw,217.97
219,2024-04-19 12:52:20.753304,797,Withdraw,263.15
220,2025-07-11 15:01:05.032106,769,Deposit,242.71
221,2025-08-20 22:52:41.575941,51,Withdraw,154.21
222,2025-03-08 22:54:24.395860,609,Deposit,429.17
223,2024-09-22 13:36:10.730943,224,Withdraw,757.88
224,2025-09-05 18:48:01.419299,134,Withdraw,300.59
225,2025-04-23 15:21:41.954175,342,Withdraw,207.99
226,2024-07-03 10:15:58.329141,21,Withdraw,680.09
227,2024-01-28 18:19:58.653402,607,Withdraw,176.85
228,2025-02-03 07:19:40.096852,397,Withdraw,711.35
229,2024-12-19 13:29:56.589755,421,Withdraw,377.17
230,2024-08-10 14:10:16.036782,822,Deposit,396.16
231,2023-03-29 13:29:56.797074,594,Withdraw,352.14
232,2025-01-16 04:40:10.422130,884,Withdraw,849.43
233,2025-08-02 11:01:05.687489,573,Withdraw,261.0
234,2025-08-29 17:33:22.513462,814,Withdraw,352.67
235,2025-07-15 00:00:02.580265,598,Withdraw,659.02
236,2024-12-04 17:54:48.482033,66,Withdraw,148.13
237,2025-09-15 04:02:22.451180,20,Withdraw,606.85
238,2025-08-01 01:30:20.533402,982,Withdraw,291.06
239,2024-11-09 23:42:47.568301,314,Withdraw,207.54
240,2024-11-22 17:52:25.777486,416,Withdraw,355.17
241,2025-09-15 10:50:54.352778,179,Withdraw,178.51
242,2025-08-30 21:52:39.395860,609,Withdraw,238.6
243,2023-08-11 08:59:58.017172,585,Withdraw,255.72
244,2025-02-21 18:20:25.695246,463,Withdraw,475.06
245,2024-12-03 21:43:30.819846,495,Withdraw,273.03
246,2024-01-05 10:01:07.656214,768,Withdraw,146.79
247,2025-04-08 19:49:18.130183,207,Withdraw,221.66
248,2025-02-12 18:48:11.464125,773,Withdraw,163.13
249,2025-06-20 09:05:35.645803,130,Deposit,529.31
250,2025-08-08 01:38:42.008932,223,Deposit,214.76
251,2025-03-28 18:37:54.382558,240,Withdraw,233.3
252,2025-09-06 19:11:40.575941,51,Withdraw,208.18
253,2024-08-31 13:32:26.653402,607,Withdraw,279.15
254,2024-11-26 22:14:03.192001,490,Withdraw,316.98
255,2025-09-04 01:23:02.451180,20,Withdraw,240.18
256,2024-06-07 09:32:07.149516,143,Withdraw,187.74
257,2024-06-21 07:11:16.440748,388,Withdraw,251.56
258,2022-10-14 00:21:18.288015,675,Withdraw,143.87
259,2025-03-19 22:10:43.367314,940,Withdraw,176.93
260,2025-09-15 10:13:54.705126,341,Withdraw,643.64
261,2023-09-16 03:50:53.957542,918,Deposit,153.07
262,2025-09-05 02:02:08.090549,37,Withdraw,402.35
263,2024-04-08 00:24:08.017172,585,Withdraw,146.9
264,2024-11-11 19:18:03.673310,929,Withdraw,317.76
265,2025-02-09 16:40:15.208923,540,Withdraw,197.06
266,2024-06-24 06:18:18.009187,469,Withdraw,403.2
267,2024-06-08 15:29:29.265374,446,Withdraw,273.06
268,2024-09-26 20:35:35.601524,716,Withdraw,189.11
269,2024-07-08 21:21:35.000000,2,Deposit,253.37
270,2024-11-29 22:38:56.204259,468,Withdraw,200.95
271,2025-09-15 05:26:51.387544,403,Deposit,366.3
272,2025-06-27 10:59:27.327257,361,Withdraw,147.74
273,2023-07-27 14:23:00.358585,879,Withdraw,574.11
274,2025-05-03 08:40:07.874088,726,Deposit,160.87
275,2025-06-03 19:33:35.857810,427,Deposit,163.92
276,2023-11-02 16:50:52.036950,244,Withdraw,679.09
277,2024-09-11 20:27:02.192514,80,Withdraw,193.95
278,2025-06-29 04:30:17.050981,473,Withdraw,237.3
279,2023-08-25 19:10:03.208923,540,Withdraw,528.06
280,2025-03-23 01:38:12.857810,427,Deposit,253.4
281,2025-07-13 07:33:34.004808,284,Withdraw,172.9
282,2025-08-26 18:26:19.222397,697,Withdraw,152.09
283,2025-03-25 11:00:15.287279,724,Withdraw,654.8
284,2025-09-11 15:23:30.799240,711,Withdraw,187.18
285,2025-07-04 05:07:42.910977,304,Withdraw,269.39
286,2023-09-30 06:16:34.396872,410,Withdraw,148.65
287,2025-02-19 21:49:16.853086,276,Withdraw,146.74
288,2025-04-22 19:25:33.882616,617,Withdraw,412.2
289,2023-11-23 20:21:42.855268,958,Withdraw,430.39
290,2025-07-28 15:30:49.330010,73,Withdraw,765.88
291,2025-01-21 11:02:35.582547,860,Withdraw,271.46
292,2025-08-30 16:27:38.535406,26,Deposit,1090.41
293,2024-08-05 15:51:38.768039,709,Withdraw,194.26
294,2024-08-21 05:03:24.846340,515,Withdraw,395.56
295,2025-08-19 09:20:50.391995,81,Withdraw,1149.64
296,2024-02-14 19:34:59.000000,2,Withdraw,444.54
297,2024-09-10 21:15:20.687552,965,Deposit,185.61
298,2025-05-08 07:36:21.881306,116,Withdraw,301.78
299,2023-12-13 04:50:59.836357,442,Withdraw,157.27
300,2025-05-23 09:01:22.534777,770,Withdraw,229.32
301,2024-03-20 07:25:09.877708,790,Withdraw,164.97
302,2025-06-11 18:45:17.366916,807,Withdraw,148.17
303,2025-04-08 23:11:23.079020,917,Withdraw,496.66
304,2025-04-20 06:27:48.087728,639,Withdraw,211.83
305,2025-07-12 08:01:59.224936,664,Withdraw,284.07
306,2025-08-15 06:48:34.004808,284,Withdraw,234.5
307,2024-06-10 05:27:16.481655,50,Withdraw,194.14
308,2025-04-23 22:31:37.309255,231,Withdraw,263.29
309,2025-03-10 13:56:54.144140,559,Withdraw,729.21
310,2025-01-09 08:49:34.291194,859,Deposit,346.94
311,2025-06-30 04:59:39.671123,741,Withdraw,151.43
312,2025-08-21 02:41:24.241795,371,Withdraw,257.91
313,2025-08-14 02:38:12.932196,432,Deposit,566.59
314,2024-12-14 21:07:16.353243,402,Withdraw,216.94
315,2025-09-05 16:30:28.580182,52,Withdraw,290.14
316,2024-05-31 23:50:05.635718,930,Withdraw,378.31
317,2023-12-04 05:46:16.943203,274,Deposit,427.4
318,2024-01-15 12:54:04.410977,220,Withdraw,190.65
319,2024-05-30 04:37:22.582765,706,Withdraw,503.53
320,2025-08-22 05:51:44.413152,850,Withdraw,213.17
321,2023-09-10 16:42:27.635563,689,Withdraw,355.2
322,2023-06-10 03:20:37.611834,222,Withdraw,160.14
323,2025-07-23 12:11:53.960666,832,Deposit,391.5
324,2025-07-09 02:28:41.000000,8,Withdraw,524.12
325,2024-01-04 15:47:37.635563,689,Deposit,509.81
326,2024-05-11 10:40:35.203629,40,Withdraw,454.58
327,2023-03-03 19:26:29.047270,487,Deposit,448.61
328,2024-06-22 09:54:21.539598,534,Withdraw,384.92
329,2025-01-30 10:25:25.043483,107,Withdraw,446.64
330,2024-11-24 07:43:46.727564,893,Withdraw,394.38
331,2024-08-30 14:00:22.393985,644,Withdraw,141.15
332,2025-05-30 10:58:53.830542,282,Withdraw,155.81
333,2025-05-22 10:01:27.960666,832,Withdraw,855.17
334,2024-02-14 09:20:56.329141,21,Withdraw,162.16
335,2022-09-30 00:18:06.269683,874,Deposit,141.64
336,2025-08-04 04:45:26.144312,454,Withdraw,412.42
337,2025-07-12 02:34:02.749360,405,Withdraw,199.97
338,2024-01-08 04:43:26.118791,560,Withdraw,280.27
339,2025-05-08 10:41:19.830542,282,Withdraw,470.0
340,2025-04-07 19:03:13.664670,507,Withdraw,320.25
341,2025-09-12 10:12:56.394049,280,Withdraw,392.22
342,2025-07-12 14:10:24.201598,345,Withdraw,638.29
343,2024-04-11 05:35:07.510130,593,Deposit,152.64
344,2025-05-26 16:31:48.461945,908,Withdraw,172.76
345,2024-11-15 19:05:41.393985,644,Withdraw,152.55
346,2024-02-13 10:53:04.358585,879,Withdraw,150.74
347,2025-02-22 15:27:23.134719,160,Withdraw,148.43
348,2024-08-21 12:56:28.313859,377,Withdraw,971.62
349,2025-09-02 23:04:34.177796,858,Deposit,764.57
350,2024-02-27 01:58:32.980293,843,Withdraw,327.72
351,2024-12-25 21:13:37.288381,474,Withdraw,227.1
352,2025-02-06 15:53:43.090549,37,Withdraw,144.03
353,2023-12-01 11:13:08.951781,804,Withdraw,223.69
354,2025-07-12 14:04:57.884681,566,Withdraw,346.96
355,2024-03-29 02:06:35.217438,665,Withdraw,171.16
356,2025-01-11 13:05:00.079020,917,Withdraw,1193.28
357,2025-08-28 21:57:41.521790,131,Deposit,248.07
358,2025-09-08 05:19:19.575941,51,Withdraw,274.77
359,2024-11-22 19:17:17.190240,986,Withdraw,352.96
360,2025-08-04 12:42:52.584268,989,Withdraw,155.48
361,2025-03-11 05:04:42.859461,109,Withdraw,331.3
362,2025-08-30 12:12:34.246886,666,Withdraw,504.57
363,2024-08-13 08:28:13.308945,475,Withdraw,169.48
364,2025-07-18 18:16:25.563815,753,Withdraw,376.53
365,2024-05-03 05:23:39.840719,374,Withdraw,237.97
366,2025-06-19 04:47:04.859461,109,Withdraw,231.23
367,2023-09-05 04:20:25.266431,558,Withdraw,884.08
368,2025-03-22 17:07:59.058141,324,Deposit,209.62
369,2024-10-26 00:42:26.663842,648,Withdraw,386.56
370,2025-07-10 09:15:59.603743,214,Withdraw,145.69
371,2025-06-24 18:26:38.125466,979,Withdraw,365.9
372,2024-04-13 19:11:43.049404,971,Withdraw,499.59
373,2024-12-31 16:27:09.269685,265,Deposit,281.04
374,2024-07-26 14:35:18.638696,79,Withdraw,176.94
375,2024-12-04 06:34:01.977069,816,Withdraw,157.21
376,2023-10-24 15:23:21.085281,638,Deposit,405.26
377,2024-02-01 18:03:35.017131,856,Withdraw,276.04
378,2024-06-12 03:03:32.080086,256,Withdraw,317.14
379,2024-08-01 23:32:48.599692,865,Withdraw,577.14
380,2024-09-13 07:09:31.354184,470,Withdraw,312.59
381,2025-05-29 10:41:03.414200,690,Withdraw,251.61
382,2024-05-04 01:28:07.924082,912,Withdraw,162.46
383,2023-10-19 01:25:25.732540,340,Withdraw,308.25
384,2025-06-06 05:43:50.059262,919,Withdraw,287.13
385,2025-03-31 00:35:51.349522,902,Withdraw,297.0
386,2025-06-15 12:13:28.849022,156,Withdraw,300.6
387,2025-08-02 23:37:31.287279,724,Deposit,206.89
388,2024-04-16 15:38:22.205124,892,Withdraw,169.16
389,2024-01-04 18:14:33.811032,974,Withdraw,153.54
390,2023-10-23 13:07:13.069517,399,Withdraw,230.62
391,2025-06-29 22:12:44.623276,605,Withdraw,304.94
392,2025-08-21 22:32:57.648365,673,Withdraw,332.6
393,2023-12-17 22:51:24.931048,906,Withdraw,494.06
394,2025-09-07 22:31:32.419299,134,Deposit,569.12
395,2024-11-13 13:04:42.914679,963,Withdraw,257.88
396,2025-01-21 23:17:01.765026,115,Withdraw,168.39
397,2024-12-07 21:24:44.015754,730,Withdraw,917.09
398,2025-08-02 02:07:19.746867,837,Withdraw,143.34
399,2024-12-26 05:41:33.737050,386,Withdraw,313.29
400,2024-09-06 18:36:32.742946,819,Withdraw,216.44
401,2025-08-03 14:14:25.328038,302,Withdraw,211.14
402,2024-04-26 08:33:39.000000,3,Deposit,277.54
403,2024-11-25 15:49:46.158389,926,Withdraw,217.71
404,2025-09-04 09:18:27.492930,732,Withdraw,154.73
405,2025-08-03 02:35:13.045344,135,Withdraw,165.63
406,2025-09-08 00:50:36.876421,119,Withdraw,350.5
407,2025-03-01 20:31:51.993268,187,Withdraw,180.2
408,2024-06-10 00:26:35.341891,524,Deposit,159.88
409,2023-09-21 07:33:56.653286,396,Withdraw,360.64
410,2025-03-15 10:32:46.367706,11,Withdraw,635.39
411,2025-03-10 22:21:42.265374,446,Deposit,310.85
412,2025-02-09 08:46:28.649678,684,Deposit,362.24
413,2025-09-10 10:02:26.055321,331,Withdraw,669.94
414,2025-01-28 04:42:44.096852,397,Withdraw,415.37
415,2024-09-22 03:32:44.201088,146,Withdraw,443.56
416,2025-03-23 19:09:12.000000,8,Withdraw,334.62
417,2024-10-31 19:15:52.269685,265,Withdraw,282.77
418,2024-06-05 06:32:10.567726,392,Withdraw,415.71
419,2024-09-02 19:39:01.267127,630,Withdraw,147.49
420,2024-07-18 08:07:53.269683,874,Withdraw,376.74
421,2025-05-08 05:28:49.651421,15,Withdraw,191.09
422,2025-09-13 21:09:39.224936,664,Deposit,509.73
423,2025-08-01 08:26:40.901074,162,Withdraw,211.82
424,2025-08-06 14:36:56.587542,931,Withdraw,213.95
425,2025-09-07 12:31:34.723683,911,Withdraw,420.66
426,2025-09-13 20:17:55.909647,867,Withdraw,148.04
427,2024-01-17 10:30:47.588490,742,Withdraw,143.79
428,2024-01-08 22:33:16.926526,899,Withdraw,186.68
429,2025-05-14 18:18:42.252386,435,Deposit,280.75
430,2024-01-02 16:09:01.155368,78,Withdraw,329.14
431,2025-03-21 04:51:51.357542,889,Withdraw,232.93
432,2025-03-10 19:59:18.733937,548,Withdraw,153.49
433,2025-03-14 17:15:22.221332,264,Withdraw,193.64
434,2025-01-15 10:18:04.940523,412,Withdraw,174.45
435,2025-07-02 05:12:07.710286,901,Deposit,373.8
436,2025-06-26 12:29:52.964021,32,Withdraw,239.76
437,2024-11-17 15:01:59.726191,631,Withdraw,379.28
438,2025-04-26 14:31:49.308945,475,Withdraw,930.93
439,2025-02-19 00:50:13.908072,199,Withdraw,281.07
440,2025-09-07 18:11:30.596405,759,Withdraw,299.64
441,2025-05-08 06:18:51.568301,314,Withdraw,372.55
442,2025-03-24 07:11:41.686918,627,Withdraw,307.74
443,2023-09-06 00:07:45.777486,416,Deposit,555.73
444,2024-02-01 00:15:36.855268,958,Withdraw,331.56
445,2024-09-09 19:17:17.889725,936,Withdraw,301.52
446,2025-03-05 00:46:09.204114,310,Withdraw,220.09
447,2025-04-20 15:58:39.491243,799,Withdraw,315.58
448,2023-04-16 06:16:46.089067,682,Withdraw,465.42
449,2025-05-15 20:26:09.984828,915,Deposit,165.39
450,2024-04-02 23:16:39.085281,638,Withdraw,233.55
451,2024-04-24 16:50:26.122457,586,Withdraw,175.65
452,2025-02-20 03:55:59.560479,647,Withdraw,779.75
453,2025-07-20 01:12:12.152577,467,Withdraw,235.9
454,2025-01-29 13:57:43.649678,684,Withdraw,191.12
455,2024-11-18 02:22:45.288381,474,Withdraw,246.08
456,2024-08-26 18:49:24.618546,615,Withdraw,295.9
457,2024-10-03 05:25:04.859461,109,Withdraw,301.79
458,2025-06-30 07:32:35.204623,190,Withdraw,229.29
459,2025-02-22 23:03:24.457407,36,Withdraw,193.75
460,2025-01-05 15:49:35.559357,287,Withdraw,141.63
461,2024-07-04 17:11:53.305932,554,Withdraw,407.28
462,2023-12-03 03:35:55.980293,843,Withdraw,770.11
463,2024-10-30 04:18:53.840719,374,Withdraw,188.14
464,2025-04-22 02:09:57.953858,12,Deposit,153.74
465,2023-11-09 06:56:39.429435,337,Withdraw,212.33
466,2025-07-06 18:21:26.074914,755,Withdraw,213.98
467,2024-10-03 05:29:16.070384,449,Withdraw,241.46
468,2025-06-08 10:30:13.694033,343,Withdraw,299.56
469,2025-07-31 16:55:13.876732,628,Deposit,192.39
470,2024-04-09 05:31:07.304405,352,Deposit,146.72
471,2025-08-29 19:28:31.177796,858,Deposit,336.21
472,2025-08-05 09:57:28.770950,217,Withdraw,414.01
473,2025-03-18 03:58:35.599922,786,Deposit,434.88
474,2025-06-24 11:46:40.475943,204,Deposit,499.4
475,2023-12-04 04:10:29.464125,773,Withdraw,279.74
476,2025-07-07 12:29:16.965002,415,Deposit,150.58
477,2025-08-27 01:25:10.145207,626,Deposit,187.31
478,2025-06-28 13:11:16.836503,350,Deposit,147.22
479,2025-09-07 09:29:08.289691,159,Withdraw,185.81
480,2024-10-05 02:43:37.797074,594,Withdraw,628.92
481,2023-02-17 17:55:24.872111,212,Withdraw,267.39
482,2024-01-30 20:16:59.411700,263,Withdraw,349.78
483,2025-08-16 22:19:16.694033,343,Withdraw,916.66
484,2025-03-22 01:26:27.943203,274,Deposit,348.49
485,2025-08-20 17:19:46.401153,167,Withdraw,685.88
486,2025-07-14 15:28:13.313859,377,Withdraw,790.8
487,2025-09-07 07:24:17.575941,51,Withdraw,249.17
488,2025-06-26 18:40:01.623276,605,Deposit,272.76
489,2024-05-11 15:57:49.341891,524,Withdraw,276.77
490,2024-12-10 14:24:23.486332,197,Withdraw,145.48
491,2025-07-04 05:22:07.756226,383,Withdraw,359.55
492,2023-10-06 15:12:10.725210,927,Withdraw,377.62
493,2025-04-19 22:19:55.000000,10,Withdraw,770.65
494,2024-02-15 12:34:21.250992,170,Withdraw,376.23
495,2024-12-21 09:28:58.014589,834,Withdraw,245.58
496,2025-07-17 00:25:51.490684,633,Deposit,735.13
497,2025-03-27 15:09:34.076515,229,Withdraw,352.34
498,2024-05-27 17:29:01.440748,388,Deposit,832.25
499,2025-01-03 19:31:51.231913,523,Withdraw,346.93
500,2024-07-26 15:44:40.625103,150,Withdraw,190.38
501,2024-02-08 07:29:06.217438,665,Withdraw,505.73
502,2023-05-08 19:56:12.944685,925,Withdraw,403.39
503,2024-09-09 01:04:43.402705,428,Withdraw,350.54
504,2025-03-21 17:22:28.316099,990,Withdraw,305.21
505,2024-10-07 18:50:36.762378,355,Withdraw,333.6
506,2024-01-07 14:56:37.926635,72,Withdraw,337.91
507,2024-10-08 16:14:25.070384,449,Withdraw,160.29
508,2023-12-27 17:29:25.258966,278,Withdraw,171.23
509,2024-09-27 04:46:32.155999,878,Withdraw,148.89
510,2025-04-04 04:34:08.874088,726,Withdraw,502.38
511,2023-09-05 22:35:19.881306,116,Withdraw,508.29
512,2024-09-23 17:41:39.874088,726,Withdraw,157.07
513,2025-02-28 02:07:26.130183,207,Withdraw,381.4
514,2025-08-15 09:55:04.387544,403,Withdraw,329.23
515,2025-08-08 16:57:04.419299,134,Deposit,211.29
516,2025-04-07 15:59:24.273656,767,Withdraw,243.78
517,2025-06-19 00:19:49.545312,591,Withdraw,398.6
518,2025-03-23 02:23:51.550326,347,Withdraw,242.95
519,2025-02-09 18:47:32.678482,411,Withdraw,224.79
520,2025-08-01 02:44:14.118791,560,Withdraw,141.04
521,2025-09-10 01:15:48.513462,814,Deposit,319.07
522,2023-10-04 23:51:41.117079,885,Withdraw,289.19
523,2025-07-29 00:46:35.074914,755,Deposit,247.18
524,2025-09-14 09:04:06.740979,376,Withdraw,282.01
525,2025-07-23 22:17:02.741162,359,Withdraw,186.41
526,2024-09-05 09:16:05.660380,334,Withdraw,306.49
527,2024-11-21 22:44:47.900970,775,Withdraw,325.19
528,2025-08-16 11:37:14.444025,961,Withdraw,225.98
529,2025-08-17 04:25:11.533402,982,Withdraw,684.63
530,2025-07-19 17:45:00.584932,555,Withdraw,257.42
531,2025-09-14 22:45:52.730851,783,Withdraw,442.54
532,2024-03-31 21:32:22.568803,829,Withdraw,226.1
533,2024-11-28 20:06:09.430714,375,Deposit,296.22
534,2024-11-24 07:23:59.425201,370,Withdraw,256.57
535,2023-10-24 15:57:33.327086,60,Withdraw,400.58
536,2024-03-06 01:54:04.749360,405,Withdraw,387.3
537,2024-09-16 00:08:09.418157,452,Withdraw,700.3
538,2024-12-27 01:42:39.081189,27,Deposit,179.22
539,2025-03-30 19:48:55.036682,418,Deposit,327.67
540,2024-11-06 22:22:59.675029,164,Withdraw,696.84
541,2024-12-18 16:59:59.369033,995,Withdraw,611.2
542,2025-07-22 17:26:37.912400,968,Withdraw,179.53
543,2025-02-22 21:12:45.241957,184,Withdraw,217.99
544,2024-08-19 18:42:11.575812,992,Deposit,172.75
545,2025-08-08 09:32:08.341664,465,Withdraw,200.35
546,2025-01-26 03:21:57.246886,666,Withdraw,617.66
547,2025-08-25 16:36:50.475943,204,Deposit,279.45
548,2025-04-10 07:52:31.574470,189,Withdraw,156.9
549,2025-05-15 15:51:37.536179,835,Withdraw,366.68
550,2025-08-29 07:49:25.492930,732,Withdraw,236.06
551,2025-04-15 01:32:26.402705,428,Withdraw,273.05
552,2024-11-25 06:24:09.114244,330,Deposit,345.73
553,2025-03-06 16:55:05.350833,727,Withdraw,429.5
554,2025-07-02 23:42:33.130183,207,Withdraw,362.23
555,2025-08-10 16:06:35.611252,389,Deposit,423.86
556,2025-09-12 16:55:23.733937,548,Withdraw,193.36
557,2025-09-07 15:36:56.039698,47,Withdraw,239.46
558,2024-05-28 05:16:54.443120,959,Deposit,444.46
559,2024-11-07 08:32:34.730943,224,Withdraw,147.99
560,2023-01-16 00:55:27.009752,450,Withdraw,161.44
561,2023-10-17 03:48:21.241957,184,Withdraw,305.66
562,2025-08-14 10:55:53.294560,158,Withdraw,270.31
563,2025-02-10 20:48:44.258966,278,Deposit,186.6
564,2025-04-11 10:06:34.087728,639,Withdraw,327.23
565,2025-08-15 10:48:50.354184,470,Withdraw,220.55
566,2025-05-20 18:09:09.111381,852,Withdraw,554.51
567,2023-04-02 11:04:58.256813,896,Withdraw,286.41
568,2024-08-28 13:58:11.327257,361,Withdraw,204.73
569,2025-07-14 06:08:49.074150,828,Withdraw,451.3
570,2023-06-12 18:01:17.638696,79,Deposit,340.34
571,2025-04-14 16:04:55.464066,191,Withdraw,401.94
572,2025-05-21 16:07:23.991980,538,Withdraw,299.0
573,2025-07-15 12:15:31.177796,858,Withdraw,188.27
574,2024-06-17 22:00:19.149516,143,Withdraw,497.53
575,2023-05-12 12:53:03.117016,785,Deposit,277.97
576,2025-07-19 10:47:52.654090,824,Withdraw,144.31
577,2025-09-01 07:56:51.513462,814,Deposit,187.1
578,2025-08-20 14:05:14.118791,560,Withdraw,282.42
579,2025-08-04 15:26:54.773541,808,Withdraw,193.44
580,2025-06-03 14:23:31.745619,102,Withdraw,302.46
581,2025-03-06 16:50:02.305457,320,Withdraw,167.52
582,2024-08-13 17:33:52.069517,399,Withdraw,166.4
583,2023-09-04 10:48:13.725492,745,Withdraw,342.77
584,2025-07-06 21:58:14.101240,685,Deposit,240.61
585,2023-10-11 23:50:43.696283,219,Withdraw,372.06
586,2025-09-14 04:14:12.884681,566,Withdraw,993.09
587,2025-04-30 14:38:03.269683,874,Withdraw,447.38
588,2023-03-15 18:30:42.211057,720,Withdraw,371.94
589,2025-07-05 15:54:20.101240,685,Withdraw,564.7
590,2023-01-03 03:48:03.561534,774,Withdraw,154.9
591,2024-11-22 08:51:04.944685,925,Withdraw,326.56
592,2024-09-21 03:08:24.980293,843,Withdraw,178.35
593,2023-10-03 00:08:59.077847,806,Withdraw,222.3
594,2025-03-24 19:39:52.465583,93,Deposit,218.93
595,2024-11-17 21:21:16.506744,882,Withdraw,245.14
596,2025-06-30 23:16:26.039639,798,Deposit,339.34
597,2025-05-30 10:42:15.341891,524,Withdraw,187.92
598,2024-10-14 15:31:58.479320,195,Deposit,196.93
599,2025-08-06 08:48:46.926343,886,Withdraw,329.42
600,2025-01-03 18:35:20.288381,474,Withdraw,249.87
601,2024-12-15 00:42:05.244189,424,Withdraw,339.28
602,2025-03-03 15:43:01.346756,903,Withdraw,225.6
603,2024-07-29 00:17:13.273656,767,Deposit,286.87
604,2025-09-07 00:45:19.921229,438,Withdraw,246.42
605,2023-07-21 17:51:11.653281,154,Withdraw,151.16
606,2025-05-25 20:48:12.556022,544,Withdraw,709.02
607,2025-01-10 20:39:34.017172,585,Withdraw,350.82
608,2025-02-08 19:01:24.440748,388,Withdraw,278.15
609,2024-09-27 00:20:01.276560,549,Withdraw,238.89
610,2025-08-25 19:02:54.916028,74,Withdraw,394.03
611,2023-08-13 14:25:46.977069,816,Withdraw,204.42
612,2024-01-16 17:41:34.077847,806,Withdraw,425.65
613,2025-09-13 20:13:44.675341,815,Withdraw,226.78
614,2025-01-16 16:33:57.550326,347,Withdraw,231.74
615,2025-03-18 22:58:59.629187,139,Withdraw,143.64
616,2025-04-21 00:55:39.285223,312,Withdraw,279.76
617,2023-07-13 12:22:35.883723,788,Withdraw,340.41
618,2024-09-14 23:29:37.859461,109,Withdraw,315.87
619,2025-08-20 02:14:55.899954,563,Withdraw,393.37
620,2023-12-03 20:17:55.872111,212,Withdraw,308.79
621,2024-05-28 03:13:10.129319,567,Withdraw,414.21
622,2025-01-11 13:30:29.079020,917,Deposit,151.73
623,2025-01-06 06:33:57.369033,995,Withdraw,205.01
624,2024-09-17 06:57:12.625103,150,Withdraw,215.25
625,2025-06-09 17:18:53.070384,449,Withdraw,156.51
626,2025-02-05 16:06:45.843720,942,Deposit,285.26
627,2025-07-15 23:33:21.695593,235,Withdraw,199.06
628,2024-08-16 13:16:00.688202,830,Withdraw,305.2
629,2024-11-18 06:42:51.440748,388,Deposit,171.76
630,2025-05-24 18:07:36.964802,501,Deposit,263.68
631,2024-11-20 11:44:32.244189,424,Withdraw,290.49
632,2024-06-01 07:13:00.843811,306,Withdraw,182.09
633,2024-03-08 09:42:02.090905,298,Withdraw,231.1
634,2025-05-03 19:09:01.006552,845,Withdraw,446.13
635,2025-01-09 19:06:03.936272,993,Withdraw,341.92
636,2025-05-11 15:26:09.536179,835,Withdraw,370.05
637,2025-01-02 07:48:57.907227,89,Withdraw,420.94
638,2025-04-14 10:53:48.560479,647,Withdraw,155.19
639,2025-06-15 09:31:46.671388,500,Withdraw,144.17
640,2024-11-28 13:52:54.027713,171,Deposit,185.56
641,2024-12-25 12:41:59.411700,263,Withdraw,808.45
642,2025-07-11 18:46:53.481314,952,Withdraw,625.83
643,2025-08-24 13:03:32.125466,979,Withdraw,257.48
644,2025-04-25 21:40:53.943625,357,Withdraw,600.94
645,2023-06-21 07:06:15.535039,967,Withdraw,166.98
646,2024-10-21 17:16:34.036682,418,Withdraw,400.52
647,2025-04-09 11:03:30.288381,474,Withdraw,208.77
648,2023-07-12 22:26:53.065060,592,Withdraw,231.55
649,2025-07-17 12:33:58.964482,33,Withdraw,337.56
650,2025-02-10 21:56:14.545312,591,Deposit,152.71
651,2025-07-25 21:25:12.224936,664,Deposit,187.64
652,2024-12-04 11:44:42.041116,225,Withdraw,283.54
653,2023-11-01 08:18:53.584268,989,Withdraw,163.43
654,2025-09-09 21:27:14.859530,121,Deposit,207.27
655,2024-04-01 01:36:45.914833,656,Withdraw,244.21
656,2025-07-19 14:12:54.742286,550,Withdraw,324.31
657,2023-07-15 11:27:28.327086,60,Deposit,313.97
658,2024-08-22 06:00:33.638696,79,Withdraw,221.69
659,2025-03-18 00:47:29.762378,355,Withdraw,151.4
660,2025-09-11 18:09:55.681503,574,Withdraw,178.33
661,2024-08-29 21:09:42.402705,428,Withdraw,150.79
662,2024-07-19 12:21:12.914679,963,Withdraw,392.62
663,2024-06-30 04:17:35.011742,75,Withdraw,203.52
664,2025-03-03 16:08:33.764791,108,Withdraw,173.68
665,2024-07-21 02:03:51.479320,195,Withdraw,163.29
666,2024-10-25 08:31:42.447571,247,Withdraw,195.51
667,2023-09-11 16:36:19.114244,330,Withdraw,352.07
668,2023-08-20 13:10:15.516047,947,Withdraw,313.24
669,2025-08-28 03:35:21.421899,956,Withdraw,1168.32
670,2025-03-03 15:46:16.090867,970,Withdraw,187.67
671,2025-06-15 19:53:26.050981,473,Withdraw,205.82
672,2025-06-17 02:23:32.070367,516,Withdraw,274.77
673,2025-04-11 07:12:31.012609,289,Withdraw,371.93
674,2024-03-09 06:40:55.797074,594,Withdraw,531.84
675,2025-03-18 21:24:41.249026,710,Withdraw,331.08
676,2023-12-16 05:24:24.065060,592,Deposit,222.53
677,2025-09-07 04:41:04.859530,121,Withdraw,258.27
678,2024-02-05 11:12:59.118791,560,Withdraw,378.11
679,2025-08-09 12:13:48.264652,746,Withdraw,737.48
680,2023-11-30 23:31:44.382558,240,Withdraw,236.86
681,2025-06-23 08:28:17.461945,908,Withdraw,237.61
682,2025-06-26 11:19:01.053979,922,Withdraw,194.15
683,2025-08-15 21:04:47.773541,808,Withdraw,345.65
684,2025-07-17 17:13:44.753296,519,Withdraw,313.67
685,2024-05-12 02:48:00.565945,16,Withdraw,142.2
686,2025-05-31 12:55:20.328038,302,Withdraw,318.62
687,2025-04-29 10:16:26.599692,865,Withdraw,431.09
688,2025-07-12 20:00:37.041116,225,Deposit,147.84
689,2024-08-18 05:07:21.885383,572,Deposit,160.92
690,2024-04-05 02:46:53.269683,874,Withdraw,326.97
691,2025-09-08 13:46:44.756226,383,Withdraw,195.67
692,2025-09-07 10:27:04.730851,783,Withdraw,260.58
693,2025-06-26 22:23:05.506744,882,Withdraw,499.99
694,2025-08-23 04:42:39.839670,777,Withdraw,380.65
695,2025-01-20 05:14:04.944685,925,Withdraw,439.58
696,2025-09-14 00:45:52.723683,911,Withdraw,230.3
697,2024-08-14 14:02:53.441220,518,Withdraw,229.68
698,2024-01-07 01:09:22.101240,685,Withdraw,540.75
699,2025-09-09 14:31:10.599238,140,Withdraw,159.4
700,2025-09-14 12:25:06.134719,160,Withdraw,208.21
701,2024-08-06 23:10:52.250992,170,Withdraw,437.88
702,2025-09-01 08:24:01.597659,693,Deposit,192.91
703,2025-07-11 18:41:49.953858,12,Withdraw,619.49
704,2023-09-28 07:25:24.061272,291,Withdraw,251.41
705,2025-03-01 06:33:55.652262,890,Withdraw,263.14
706,2024-01-25 14:20:11.533715,960,Withdraw,545.89
707,2025-05-26 13:22:23.694321,257,Withdraw,186.34
708,2024-10-11 10:54:04.041116,225,Withdraw,169.29
709,2024-08-25 13:16:02.446052,512,Deposit,940.29
710,2024-01-28 14:15:43.754720,113,Withdraw,345.23
711,2025-01-16 10:30:16.694321,257,Deposit,155.95
712,2025-07-11 20:26:30.327086,60,Withdraw,333.68
713,2025-03-29 02:57:32.930049,532,Withdraw,153.31
714,2025-05-27 11:08:02.074150,828,Deposit,146.52
715,2025-05-15 09:55:19.213978,193,Withdraw,380.76
716,2025-06-18 00:11:21.949873,455,Withdraw,1000.07
717,2024-05-16 17:17:52.844750,533,Withdraw,408.22
718,2024-09-20 06:04:55.437776,484,Withdraw,415.71
719,2023-10-19 02:10:27.870793,696,Withdraw,174.43
720,2024-11-11 12:10:51.867018,328,Withdraw,283.58
721,2025-05-02 19:03:44.252386,435,Withdraw,152.81
722,2025-04-06 16:58:57.898152,181,Withdraw,143.81
723,2024-01-13 06:58:01.426857,457,Withdraw,758.78
724,2025-03-20 22:49:21.876652,281,Deposit,414.59
725,2025-09-09 16:58:54.084162,448,Withdraw,316.39
726,2024-03-02 19:00:32.411443,570,Deposit,181.45
727,2025-09-09 15:02:03.846131,694,Withdraw,193.09
728,2025-08-07 10:55:17.354210,734,Withdraw,152.92
729,2023-08-26 23:41:42.229209,275,Withdraw,276.02
730,2024-08-13 11:36:23.447571,247,Withdraw,547.08
731,2024-03-24 13:41:43.856495,962,Deposit,428.55
732,2024-07-23 12:32:51.225818,810,Deposit,255.76
733,2024-08-31 02:41:34.023456,954,Withdraw,305.78
734,2024-06-30 19:06:36.599692,865,Withdraw,595.3
735,2023-07-25 04:41:20.945747,356,Withdraw,312.51
736,2025-07-05 18:01:42.004808,284,Withdraw,164.67
737,2025-06-19 06:49:21.912400,968,Withdraw,161.14
738,2025-08-07 17:58:31.819846,495,Deposit,185.79
739,2024-05-16 17:54:53.568803,829,Withdraw,224.89
740,2024-12-12 02:00:59.675029,164,Withdraw,228.58
741,2023-04-23 19:33:09.409542,779,Withdraw,655.89
742,2025-05-30 00:08:01.713235,509,Deposit,614.39
743,2025-06-11 16:54:08.730943,224,Withdraw,179.6
744,2024-04-21 08:46:30.017131,856,Withdraw,142.3
745,2025-02-23 01:53:41.901074,162,Withdraw,444.66
746,2025-02-03 01:49:13.117016,785,Withdraw,520.55
747,2023-11-04 07:20:55.728006,964,Deposit,592.23
748,2025-06-14 12:39:46.794888,654,Withdraw,321.94
749,2025-03-13 13:16:37.036782,822,Deposit,830.29
750,2025-06-25 06:29:15.715681,373,Withdraw,374.68
751,2023-09-20 18:11:37.077411,805,Withdraw,175.85
752,2025-07-06 22:42:21.454916,914,Withdraw,175.16
753,2025-07-23 02:46:06.264652,746,Withdraw,391.84
754,2024-07-19 20:48:22.402705,428,Withdraw,638.74
755,2023-11-28 06:49:44.190240,986,Withdraw,374.32
756,2023-01-15 12:56:49.023456,954,Withdraw,165.43
757,2023-08-25 19:28:03.411443,570,Withdraw,157.35
758,2025-07-16 10:33:39.678358,695,Withdraw,183.23
759,2025-09-03 20:46:32.227719,502,Withdraw,470.66
760,2025-05-02 18:59:52.978838,568,Withdraw,236.02
761,2025-06-23 23:43:40.474998,517,Deposit,300.64
762,2025-07-08 10:47:51.968815,869,Withdraw,310.39
763,2024-02-21 14:27:20.639434,784,Deposit,289.84
764,2025-01-29 18:08:52.256328,508,Withdraw,157.72
765,2025-02-10 07:52:01.149516,143,Withdraw,322.05
766,2023-08-02 15:51:36.869946,169,Withdraw,242.39
767,2025-03-28 12:24:25.357327,178,Withdraw,251.43
768,2024-10-27 07:50:00.675341,815,Withdraw,440.6
769,2024-09-24 21:35:40.867018,328,Withdraw,523.84
770,2024-06-17 19:36:31.629187,139,Withdraw,178.81
771,2025-06-28 15:14:59.093905,600,Withdraw,207.03
772,2025-03-03 22:11:11.671388,500,Withdraw,377.74
773,2025-08-23 06:14:33.012609,289,Deposit,311.8
774,2024-11-15 05:03:20.725615,87,Withdraw,219.04
775,2025-06-05 03:18:16.565945,16,Withdraw,279.27
776,2025-07-11 11:10:28.264652,746,Withdraw,479.15
777,2025-03-08 08:51:31.567726,392,Withdraw,146.47
778,2025-06-29 20:49:54.400975,266,Withdraw,142.0
779,2025-07-27 19:38:48.883723,788,Deposit,710.93
780,2023-12-01 03:00:15.009187,469,Withdraw,344.19
781,2024-08-23 06:01:53.889725,936,Withdraw,472.1
782,2025-02-25 08:54:33.465583,93,Deposit,516.69
783,2025-07-19 03:47:03.418142,133,Withdraw,163.98
784,2024-12-04 15:05:01.320141,776,Withdraw,247.16
785,2024-11-05 17:02:41.535406,26,Withdraw,412.87
786,2024-03-09 23:41:14.840440,285,Deposit,166.69
787,2025-01-06 20:04:09.053979,922,Withdraw,235.78
788,2025-05-02 14:26:38.671388,500,Withdraw,145.31
789,2025-07-16 07:08:55.421899,956,Withdraw,176.01
790,2025-03-21 07:24:19.535406,26,Withdraw,232.65
791,2023-03-12 22:52:07.004393,723,Withdraw,258.04
792,2024-07-27 09:46:39.560479,647,Withdraw,371.34
793,2025-04-26 01:54:30.481920,921,Withdraw,296.14
794,2025-02-06 06:44:35.916028,74,Withdraw,358.49
795,2025-08-27 01:38:18.225194,950,Withdraw,260.01
796,2025-01-13 08:10:59.536179,835,Withdraw,434.25
797,2025-05-01 05:10:34.130183,207,Withdraw,144.18
798,2024-06-29 17:54:43.728069,398,Withdraw,154.43
799,2025-07-02 13:08:21.964802,501,Withdraw,353.99
800,2025-07-23 07:18:41.733837,101,Withdraw,416.59
801,2024-01-14 23:55:49.849022,156,Withdraw,419.73
802,2024-09-22 15:39:55.155999,878,Withdraw,272.23
803,2024-10-19 23:01:03.957883,855,Withdraw,168.71
804,2023-11-12 04:07:45.382558,240,Withdraw,379.39
805,2025-07-27 00:28:08.909117,590,Withdraw,156.7
806,2025-09-12 05:15:14.290285,782,Withdraw,151.63
807,2024-12-26 06:45:17.223681,584,Withdraw,379.5
808,2025-04-22 11:14:53.294560,158,Deposit,325.18
809,2025-08-09 23:24:16.427089,494,Withdraw,322.68
810,2024-03-02 13:45:14.742946,819,Withdraw,417.23
811,2024-03-12 07:49:52.363385,492,Deposit,234.94
812,2025-06-18 00:55:37.048155,103,Deposit,387.54
813,2025-06-14 12:26:47.352778,179,Withdraw,680.36
814,2023-12-10 08:16:48.450113,616,Deposit,290.06
815,2025-04-26 10:46:31.898152,181,Withdraw,213.3
816,2025-05-18 14:36:03.923805,772,Withdraw,144.41
817,2025-04-15 04:19:43.305457,320,Withdraw,298.95
818,2025-08-06 03:34:59.422130,884,Withdraw,271.4
819,2024-04-15 18:05:17.870793,696,Withdraw,648.46
820,2025-02-28 00:25:10.383934,522,Deposit,484.79
821,2024-05-13 15:09:10.839775,721,Withdraw,472.05
822,2024-10-23 23:45:10.059539,68,Withdraw,242.82
823,2025-06-18 04:59:44.155999,878,Deposit,258.74
824,2024-06-10 10:26:40.849559,722,Withdraw,319.54
825,2024-12-09 18:57:56.240386,794,Withdraw,374.31
826,2024-12-21 03:49:58.753304,797,Deposit,412.72
827,2025-01-12 16:15:42.820152,764,Withdraw,401.06
828,2025-09-14 15:32:38.811460,239,Deposit,185.93
829,2024-08-07 02:50:33.418157,452,Withdraw,166.18
830,2024-03-15 02:50:42.954680,672,Withdraw,600.63
831,2024-06-24 20:47:19.319296,678,Deposit,142.43
832,2024-10-18 07:42:25.455681,503,Withdraw,150.57
833,2025-01-09 05:17:15.713235,509,Withdraw,146.65
834,2025-08-16 16:59:54.603743,214,Withdraw,198.04
835,2024-11-30 23:47:02.429435,337,Withdraw,191.67
836,2025-01-01 14:39:13.390949,493,Deposit,396.43
837,2025-07-18 10:32:07.772176,771,Withdraw,475.34
838,2025-04-09 06:59:10.849559,722,Withdraw,152.17
839,2025-01-06 01:37:41.461005,286,Withdraw,146.15
840,2025-08-22 07:01:41.833316,744,Deposit,314.02
841,2025-01-05 18:29:12.514225,541,Deposit,216.41
842,2025-01-29 16:10:13.839493,861,Withdraw,235.31
843,2024-11-04 18:23:09.920009,636,Withdraw,156.27
844,2024-07-25 03:27:33.363385,492,Withdraw,143.97
845,2024-07-04 04:35:06.931313,941,Withdraw,283.06
846,2025-06-30 05:19:50.156999,579,Withdraw,287.85
847,2024-11-24 01:49:48.080086,256,Withdraw,229.99
848,2025-01-21 07:46:23.688202,830,Withdraw,237.68
849,2023-05-12 08:34:28.309362,186,Withdraw,376.23
850,2024-06-28 05:24:53.567726,392,Withdraw,840.17
851,2024-02-15 20:29:01.839775,721,Withdraw,331.13
852,2025-01-23 02:58:21.975950,907,Deposit,178.19
853,2025-09-11 05:30:09.740979,376,Deposit,252.23
854,2025-05-16 03:07:38.561055,477,Deposit,755.98
855,2025-02-10 17:08:12.733937,548,Withdraw,161.81
856,2025-03-13 18:47:15.261709,233,Withdraw,369.14
857,2025-08-01 21:01:28.468852,599,Withdraw,156.75
858,2025-07-20 19:29:15.264652,746,Withdraw,288.28
859,2025-02-23 00:55:29.671123,741,Withdraw,848.88
860,2025-01-13 20:30:08.768039,709,Withdraw,494.08
861,2024-09-03 09:37:52.327086,60,Deposit,152.61
862,2025-09-08 23:22:57.264652,746,Withdraw,283.27
863,2025-09-04 15:36:11.946662,761,Withdraw,155.35
864,2025-05-09 18:39:06.347240,255,Withdraw,477.82
865,2025-08-24 07:55:51.490684,633,Withdraw,664.38
866,2025-06-12 10:56:45.872007,147,Withdraw,183.82
867,2025-03-04 04:50:14.645803,130,Withdraw,496.47
868,2025-05-09 21:58:03.930049,532,Withdraw,329.47
869,2025-06-29 06:24:25.918842,111,Withdraw,201.8
870,2025-01-05 21:36:16.100270,363,Withdraw,435.56
871,2025-06-07 05:35:36.773541,808,Deposit,827.51
872,2024-11-27 03:02:20.910977,304,Withdraw,417.75
873,2025-05-26 02:30:21.831512,42,Deposit,193.86
874,2023-05-30 00:33:00.914833,656,Deposit,281.68
875,2025-01-18 11:58:00.268212,91,Withdraw,394.46
876,2024-04-06 14:54:44.214347,272,Withdraw,143.26
877,2025-01-21 23:08:47.944685,925,Deposit,518.42
878,2025-09-02 20:11:23.349522,902,Withdraw,171.73
879,2025-01-29 20:05:32.535039,967,Withdraw,189.11
880,2025-07-08 02:49:21.604407,848,Withdraw,895.82
881,2025-04-20 13:45:51.208320,34,Withdraw,286.95
882,2024-11-01 13:32:32.725615,87,Withdraw,152.14
883,2024-10-19 13:19:42.305457,320,Withdraw,215.79
884,2025-08-07 09:42:04.122522,61,Withdraw,279.27
885,2025-06-18 06:10:16.840440,285,Withdraw,160.06
886,2024-05-22 12:15:48.844750,533,Withdraw,248.17
887,2025-01-30 06:55:22.262371,471,Withdraw,226.17
888,2024-12-23 05:04:07.760842,883,Withdraw,740.76
889,2024-12-06 23:31:50.618546,615,Withdraw,177.2
890,2025-01-14 23:15:09.000000,10,Withdraw,200.92
891,2023-11-11 18:44:54.223681,584,Withdraw,395.0
892,2024-01-15 09:06:27.797074,594,Withdraw,321.21
893,2025-07-17 11:31:19.701497,700,Withdraw,325.24
894,2025-07-31 21:03:13.366402,297,Deposit,277.07
895,2025-04-03 11:54:52.101240,685,Withdraw,246.83
896,2023-05-25 03:44:00.144140,559,Deposit,423.73
897,2025-05-21 14:57:23.443120,959,Withdraw,311.1
898,2025-05-02 10:22:35.565187,326,Deposit,549.47
899,2025-08-18 08:54:05.580182,52,Withdraw,267.32
900,2025-03-17 18:18:50.258966,278,Withdraw,180.62
901,2024-02-28 01:31:52.085281,638,Withdraw,543.96
902,2023-10-13 16:55:55.291194,859,Withdraw,169.7
903,2025-07-19 21:29:33.493168,327,Withdraw,428.44
904,2024-11-17 21:15:28.949873,455,Withdraw,155.69
905,2025-08-20 20:08:41.648365,673,Withdraw,162.53
906,2025-09-12 09:52:25.451180,20,Withdraw,942.46
907,2025-07-31 09:16:12.141371,144,Deposit,885.58
908,2025-05-11 23:43:59.040786,657,Withdraw,372.5
909,2025-05-08 11:22:30.583954,213,Deposit,172.66
910,2025-07-01 09:52:33.419299,134,Withdraw,842.22
911,2024-01-16 22:04:48.582765,706,Withdraw,171.86
912,2025-01-18 14:31:37.132278,984,Deposit,349.0
913,2025-07-27 19:57:39.327193,172,Withdraw,274.91
914,2025-06-08 12:55:47.125466,979,Deposit,451.65
915,2025-08-07 04:09:24.688202,830,Withdraw,154.89
916,2024-11-26 15:02:16.688445,803,Withdraw,793.22
917,2025-04-05 10:16:07.223681,584,Withdraw,491.57
918,2025-07-27 01:20:03.695246,463,Deposit,590.64
919,2023-06-01 14:42:07.951781,804,Withdraw,362.97
920,2023-06-13 20:15:06.009187,469,Deposit,254.68
921,2025-07-16 03:41:12.418157,452,Withdraw,250.67
922,2025-05-17 11:08:01.710286,901,Deposit,192.82
923,2025-06-30 12:29:49.327193,172,Withdraw,521.38
924,2024-03-04 20:24:57.597119,987,Withdraw,174.36
925,2025-06-28 14:20:05.119984,344,Withdraw,161.57
926,2025-03-07 03:51:14.853086,276,Withdraw,159.09
927,2025-05-14 01:26:50.866896,842,Deposit,167.56
928,2024-05-26 07:02:55.144537,53,Withdraw,382.25
929,2023-08-11 18:49:28.140192,420,Withdraw,388.69
930,2025-08-12 08:48:01.550326,347,Deposit,314.61
931,2025-07-26 06:06:21.654090,824,Withdraw,381.14
932,2025-05-23 13:40:52.464125,773,Deposit,254.72
933,2025-07-10 05:36:55.912400,968,Withdraw,192.74
934,2024-12-29 10:31:31.943625,357,Deposit,164.3
935,2025-08-05 19:52:19.654363,339,Withdraw,160.24
936,2024-04-11 11:23:21.065060,592,Withdraw,348.69
937,2025-08-27 09:02:14.475943,204,Withdraw,346.04
938,2023-09-05 19:35:05.144140,559,Deposit,488.5
939,2025-01-22 15:08:11.675029,164,Withdraw,1003.4
940,2023-09-04 08:07:13.367314,940,Withdraw,198.95
941,2025-02-21 13:36:16.227937,248,Deposit,214.9
942,2025-07-22 21:31:21.556022,544,Withdraw,269.38
943,2024-04-17 06:40:43.343705,998,Withdraw,220.44
944,2025-02-03 13:24:26.040786,657,Deposit,146.08
945,2025-09-09 06:12:04.730851,783,Withdraw,234.46
946,2024-05-10 08:10:22.861364,812,Withdraw,561.08
947,2025-09-01 14:54:25.427089,494,Withdraw,401.49
948,2024-09-19 22:35:28.516047,947,Withdraw,336.84
949,2024-08-08 21:00:40.148339,267,Withdraw,329.36
950,2024-12-20 03:46:33.951781,804,Withdraw,339.96
951,2025-09-09 20:37:13.227719,502,Withdraw,173.34
952,2025-04-21 21:25:06.921229,438,Withdraw,246.65
953,2022-12-15 22:03:32.242976,680,Withdraw,186.28
954,2024-08-28 17:26:08.324435,612,Withdraw,282.4
955,2025-06-13 19:53:14.647808,677,Withdraw,235.82
956,2025-05-08 12:25:22.659623,618,Withdraw,238.84
957,2025-09-10 17:57:06.072612,349,Withdraw,238.5
958,2024-07-05 12:52:00.429435,337,Deposit,590.35
959,2024-11-02 07:55:01.346756,903,Withdraw,164.54
960,2025-02-21 15:50:39.764791,108,Deposit,788.66
961,2025-01-27 12:47:11.383934,522,Withdraw,356.3
962,2024-02-17 20:24:06.304405,352,Withdraw,143.27
963,2025-08-25 17:52:07.358749,406,Deposit,314.8
964,2023-06-22 21:25:05.966989,97,Deposit,205.43
965,2025-07-05 08:06:56.152577,467,Withdraw,276.93
966,2023-05-21 19:42:58.016953,972,Withdraw,511.09
967,2025-01-18 19:02:08.664792,491,Withdraw,184.36
968,2024-08-12 10:37:14.539598,534,Deposit,280.05
969,2025-03-17 12:04:54.885383,572,Withdraw,189.85
970,2023-05-22 11:51:07.069517,399,Withdraw,290.73
971,2024-03-06 15:08:56.881306,116,Withdraw,453.26
972,2024-12-21 05:04:37.957542,918,Deposit,186.19
973,2025-04-09 07:21:51.965002,415,Deposit,384.7
974,2025-03-19 08:24:12.506744,882,Withdraw,152.0
975,2025-06-05 20:24:29.533715,960,Withdraw,517.59
976,2024-04-29 19:38:31.237056,793,Withdraw,301.91
977,2025-08-25 19:19:30.599922,786,Withdraw,176.9
978,2025-03-16 19:53:16.909647,867,Deposit,276.41
979,2025-09-13 20:38:26.391995,81,Withdraw,424.88
980,2024-11-30 17:38:41.536179,835,Withdraw,240.92
981,2024-07-20 12:39:31.914679,963,Withdraw,1110.18
982,2025-04-02 10:50:04.678358,695,Deposit,293.32
983,2025-07-11 17:47:22.036782,822,Withdraw,151.84
984,2025-05-28 03:26:27.694033,343,Withdraw,184.78
985,2025-07-04 19:02:53.652858,854,Deposit,161.98
986,2025-07-04 20:36:41.672166,258,Withdraw,572.69
987,2025-08-23 03:46:16.387544,403,Withdraw,505.25
988,2025-01-03 03:58:52.545312,591,Deposit,520.12
989,2025-03-24 00:48:35.824831,86,Withdraw,144.58
990,2025-03-14 07:12:05.541116,425,Withdraw,241.32
991,2025-01-09 07:18:24.940523,412,Withdraw,574.79
992,2025-06-18 00:15:32.432825,227,Withdraw,407.6
993,2025-01-06 01:06:31.074713,818,Withdraw,541.49
994,2025-09-09 02:03:37.074914,755,Withdraw,173.67
995,2025-04-25 06:37:32.040786,657,Withdraw,319.6
996,2025-07-26 09:44:54.586287,973,Withdraw,419.89
997,2023-11-26 23:04:06.789685,234,Withdraw,188.79
998,2023-09-23 00:50:25.118791,560,Withdraw,165.42
999,2025-02-23 22:28:59.421899,956,Withdraw,227.36
1000,2024-10-24 02:03:46.414448,719,Deposit,330.12
1001,2025-08-30 02:59:58.824896,251,Deposit,197.04
1002,2025-08-21 23:46:30.819067,430,Withdraw,384.98
1003,2023-04-30 04:59:34.460261,953,Withdraw,196.39
1004,2024-07-20 11:07:11.975228,329,Deposit,539.75
1005,2024-09-18 04:55:40.088149,898,Withdraw,220.85
1006,2024-11-07 01:57:42.728006,964,Withdraw,306.77
